image_id,image_path,reference_path,annotation_path,defect_class,group_id,split
01_missing_hole_01,data/raw/PCB_DATASET/images/Missing_hole/01_missing_hole_01.jpg,data/raw/PCB_DATASET/PCB_USED/01.JPG,data/raw/PCB_DATASET/Annotations/Missing_hole/01_missing_hole_01.xml,missing_hole,01_missing_hole_01,test
01_missing_hole_02,data/raw/PCB_DATASET/images/Missing_hole/01_missing_hole_02.jpg,data/raw/PCB_DATASET/PCB_USED/01.JPG,data/raw/PCB_DATASET/Annotations/Missing_hole/01_missing_hole_02.xml,missing_hole,01_missing_hole_02,development
01_missing_hole_03,data/raw/PCB_DATASET/images/Missing_hole/01_missing_hole_03.jpg,data/raw/PCB_DATASET/PCB_USED/01.JPG,data/raw/PCB_DATASET/Annotations/Missing_hole/01_missing_hole_03.xml,missing_hole,01_missing_hole_03,test
01_missing_hole_04,data/raw/PCB_DATASET/images/Missing_hole/01_missing_hole_04.jpg,data/raw/PCB_DATASET/PCB_USED/01.JPG,data/raw/PCB_DATASET/Annotations/Missing_hole/01_missing_hole_04.xml,missing_hole,01_missing_hole_04,test
01_missing_hole_05,data/raw/PCB_DATASET/images/Missing_hole/01_missing_hole_05.jpg,data/raw/PCB_DATASET/PCB_USED/01.JPG,data/raw/PCB_DATASET/Annotations/Missing_hole/01_missing_hole_05.xml,missing_hole,01_missing_hole_05,test
01_missing_hole_06,data/raw/PCB_DATASET/images/Missing_hole/01_missing_hole_06.jpg,data/raw/PCB_DATASET/PCB_USED/01.JPG,data/raw/PCB_DATASET/Annotations/Missing_hole/01_missing_hole_06.xml,missing_hole,01_missing_hole_06,test
01_missing_hole_07,data/raw/PCB_DATASET/images/Missing_hole/01_missing_hole_07.jpg,data/raw/PCB_DATASET/PCB_USED/01.JPG,data/raw/PCB_DATASET/Annotations/Missing_hole/01_missing_hole_07.xml,missing_hole,01_missing_hole_07,validation
01_missing_hole_08,data/raw/PCB_DATASET/images/Missing_hole/01_missing_hole_08.jpg,data/raw/PCB_DATASET/PCB_USED/01.JPG,data/raw/PCB_DATASET/Annotations/Missing_hole/01_missing_hole_08.xml,missing_hole,01_missing_hole_08,validation
01_missing_hole_09,data/raw/PCB_DATASET/images/Missing_hole/01_missing_hole_09.jpg,data/raw/PCB_DATASET/PCB_USED/01.JPG,data/raw/PCB_DATASET/Annotations/Missing_hole/01_missing_hole_09.xml,missing_hole,01_missing_hole_09,validation
01_missing_hole_10,data/raw/PCB_DATASET/images/Missing_hole/01_missing_hole_10.jpg,data/raw/PCB_DATASET/PCB_USED/01.JPG,data/raw/PCB_DATASET/Annotations/Missing_hole/01_missing_hole_10.xml,missing_hole,01_missing_hole_10,development
01_missing_hole_11,data/raw/PCB_DATASET/images/Missing_hole/01_missing_hole_11.jpg,data/raw/PCB_DATASET/PCB_USED/01.JPG,data/raw/PCB_DATASET/Annotations/Missing_hole/01_missing_hole_11.xml,missing_hole,01_missing_hole_11,validation
01_missing_hole_12,data/raw/PCB_DATASET/images/Missing_hole/01_missing_hole_12.jpg,data/raw/PCB_DATASET/PCB_USED/01.JPG,data/raw/PCB_DATASET/Annotations/Missing_hole/01_missing_hole_12.xml,missing_hole,01_missing_hole_12,test
01_missing_hole_13,data/raw/PCB_DATASET/images/Missing_hole/01_missing_hole_13.jpg,data/raw/PCB_DATASET/PCB_USED/01.JPG,data/raw/PCB_DATASET/Annotations/Missing_hole/01_missing_hole_13.xml,missing_hole,01_missing_hole_13,test
01_missing_hole_14,data/raw/PCB_DATASET/images/Missing_hole/01_missing_hole_14.jpg,data/raw/PCB_DATASET/PCB_USED/01.JPG,data/raw/PCB_DATASET/Annotations/Missing_hole/01_missing_hole_14.xml,missing_hole,01_missing_hole_14,test
01_missing_hole_15,data/raw/PCB_DATASET/images/Missing_hole/01_missing_hole_15.jpg,data/raw/PCB_DATASET/PCB_USED/01.JPG,data/raw/PCB_DATASET/Annotations/Missing_hole/01_missing_hole_15.xml,missing_hole,01_missing_hole_15,test
01_missing_hole_16,data/raw/PCB_DATASET/images/Missing_hole/01_missing_hole_16.jpg,data/raw/PCB_DATASET/PCB_USED/01.JPG,data/raw/PCB_DATASET/Annotations/Missing_hole/01_missing_hole_16.xml,missing_hole,01_missing_hole_16,test
01_missing_hole_17,data/raw/PCB_DATASET/images/Missing_hole/01_missing_hole_17.jpg,data/raw/PCB_DATASET/PCB_USED/01.JPG,data/raw/PCB_DATASET/Annotations/Missing_hole/01_missing_hole_17.xml,missing_hole,01_missing_hole_17,development
01_missing_hole_18,data/raw/PCB_DATASET/images/Missing_hole/01_missing_hole_18.jpg,data/raw/PCB_DATASET/PCB_USED/01.JPG,data/raw/PCB_DATASET/Annotations/Missing_hole/01_missing_hole_18.xml,missing_hole,01_missing_hole_18,test
01_missing_hole_19,data/raw/PCB_DATASET/images/Missing_hole/01_missing_hole_19.jpg,data/raw/PCB_DATASET/PCB_USED/01.JPG,data/raw/PCB_DATASET/Annotations/Missing_hole/01_missing_hole_19.xml,missing_hole,01_missing_hole_19,test
01_missing_hole_20,data/raw/PCB_DATASET/images/Missing_hole/01_missing_hole_20.jpg,data/raw/PCB_DATASET/PCB_USED/01.JPG,data/raw/PCB_DATASET/Annotations/Missing_hole/01_missing_hole_20.xml,missing_hole,01_missing_hole_20,test
01_mouse_bite_01,data/raw/PCB_DATASET/images/Mouse_bite/01_mouse_bite_01.jpg,data/raw/PCB_DATASET/PCB_USED/01.JPG,data/raw/PCB_DATASET/Annotations/Mouse_bite/01_mouse_bite_01.xml,mouse_bite,01_mouse_bite_01,development
01_mouse_bite_02,data/raw/PCB_DATASET/images/Mouse_bite/01_mouse_bite_02.jpg,data/raw/PCB_DATASET/PCB_USED/01.JPG,data/raw/PCB_DATASET/Annotations/Mouse_bite/01_mouse_bite_02.xml,mouse_bite,01_mouse_bite_02,validation
01_mouse_bite_03,data/raw/PCB_DATASET/images/Mouse_bite/01_mouse_bite_03.jpg,data/raw/PCB_DATASET/PCB_USED/01.JPG,data/raw/PCB_DATASET/Annotations/Mouse_bite/01_mouse_bite_03.xml,mouse_bite,01_mouse_bite_03,test
01_mouse_bite_04,data/raw/PCB_DATASET/images/Mouse_bite/01_mouse_bite_04.jpg,data/raw/PCB_DATASET/PCB_USED/01.JPG,data/raw/PCB_DATASET/Annotations/Mouse_bite/01_mouse_bite_04.xml,mouse_bite,01_mouse_bite_04,test
01_mouse_bite_05,data/raw/PCB_DATASET/images/Mouse_bite/01_mouse_bite_05.jpg,data/raw/PCB_DATASET/PCB_USED/01.JPG,data/raw/PCB_DATASET/Annotations/Mouse_bite/01_mouse_bite_05.xml,mouse_bite,01_mouse_bite_05,test
01_mouse_bite_06,data/raw/PCB_DATASET/images/Mouse_bite/01_mouse_bite_06.jpg,data/raw/PCB_DATASET/PCB_USED/01.JPG,data/raw/PCB_DATASET/Annotations/Mouse_bite/01_mouse_bite_06.xml,mouse_bite,01_mouse_bite_06,validation
01_mouse_bite_07,data/raw/PCB_DATASET/images/Mouse_bite/01_mouse_bite_07.jpg,data/raw/PCB_DATASET/PCB_USED/01.JPG,data/raw/PCB_DATASET/Annotations/Mouse_bite/01_mouse_bite_07.xml,mouse_bite,01_mouse_bite_07,test
01_mouse_bite_08,data/raw/PCB_DATASET/images/Mouse_bite/01_mouse_bite_08.jpg,data/raw/PCB_DATASET/PCB_USED/01.JPG,data/raw/PCB_DATASET/Annotations/Mouse_bite/01_mouse_bite_08.xml,mouse_bite,01_mouse_bite_08,test
01_mouse_bite_09,data/raw/PCB_DATASET/images/Mouse_bite/01_mouse_bite_09.jpg,data/raw/PCB_DATASET/PCB_USED/01.JPG,data/raw/PCB_DATASET/Annotations/Mouse_bite/01_mouse_bite_09.xml,mouse_bite,01_mouse_bite_09,test
01_mouse_bite_10,data/raw/PCB_DATASET/images/Mouse_bite/01_mouse_bite_10.jpg,data/raw/PCB_DATASET/PCB_USED/01.JPG,data/raw/PCB_DATASET/Annotations/Mouse_bite/01_mouse_bite_10.xml,mouse_bite,01_mouse_bite_10,test
01_mouse_bite_11,data/raw/PCB_DATASET/images/Mouse_bite/01_mouse_bite_11.jpg,data/raw/PCB_DATASET/PCB_USED/01.JPG,data/raw/PCB_DATASET/Annotations/Mouse_bite/01_mouse_bite_11.xml,mouse_bite,01_mouse_bite_11,validation
01_mouse_bite_12,data/raw/PCB_DATASET/images/Mouse_bite/01_mouse_bite_12.jpg,data/raw/PCB_DATASET/PCB_USED/01.JPG,data/raw/PCB_DATASET/Annotations/Mouse_bite/01_mouse_bite_12.xml,mouse_bite,01_mouse_bite_12,validation
01_mouse_bite_13,data/raw/PCB_DATASET/images/Mouse_bite/01_mouse_bite_13.jpg,data/raw/PCB_DATASET/PCB_USED/01.JPG,data/raw/PCB_DATASET/Annotations/Mouse_bite/01_mouse_bite_13.xml,mouse_bite,01_mouse_bite_13,test
01_mouse_bite_14,data/raw/PCB_DATASET/images/Mouse_bite/01_mouse_bite_14.jpg,data/raw/PCB_DATASET/PCB_USED/01.JPG,data/raw/PCB_DATASET/Annotations/Mouse_bite/01_mouse_bite_14.xml,mouse_bite,01_mouse_bite_14,test
01_mouse_bite_15,data/raw/PCB_DATASET/images/Mouse_bite/01_mouse_bite_15.jpg,data/raw/PCB_DATASET/PCB_USED/01.JPG,data/raw/PCB_DATASET/Annotations/Mouse_bite/01_mouse_bite_15.xml,mouse_bite,01_mouse_bite_15,development
01_mouse_bite_16,data/raw/PCB_DATASET/images/Mouse_bite/01_mouse_bite_16.jpg,data/raw/PCB_DATASET/PCB_USED/01.JPG,data/raw/PCB_DATASET/Annotations/Mouse_bite/01_mouse_bite_16.xml,mouse_bite,01_mouse_bite_16,test
01_mouse_bite_17,data/raw/PCB_DATASET/images/Mouse_bite/01_mouse_bite_17.jpg,data/raw/PCB_DATASET/PCB_USED/01.JPG,data/raw/PCB_DATASET/Annotations/Mouse_bite/01_mouse_bite_17.xml,mouse_bite,01_mouse_bite_17,test
01_mouse_bite_18,data/raw/PCB_DATASET/images/Mouse_bite/01_mouse_bite_18.jpg,data/raw/PCB_DATASET/PCB_USED/01.JPG,data/raw/PCB_DATASET/Annotations/Mouse_bite/01_mouse_bite_18.xml,mouse_bite,01_mouse_bite_18,validation
01_mouse_bite_19,data/raw/PCB_DATASET/images/Mouse_bite/01_mouse_bite_19.jpg,data/raw/PCB_DATASET/PCB_USED/01.JPG,data/raw/PCB_DATASET/Annotations/Mouse_bite/01_mouse_bite_19.xml,mouse_bite,01_mouse_bite_19,test
01_mouse_bite_20,data/raw/PCB_DATASET/images/Mouse_bite/01_mouse_bite_20.jpg,data/raw/PCB_DATASET/PCB_USED/01.JPG,data/raw/PCB_DATASET/Annotations/Mouse_bite/01_mouse_bite_20.xml,mouse_bite,01_mouse_bite_20,test
01_open_circuit_01,data/raw/PCB_DATASET/images/Open_circuit/01_open_circuit_01.jpg,data/raw/PCB_DATASET/PCB_USED/01.JPG,data/raw/PCB_DATASET/Annotations/Open_circuit/01_open_circuit_01.xml,open_circuit,01_open_circuit_01,validation
01_open_circuit_02,data/raw/PCB_DATASET/images/Open_circuit/01_open_circuit_02.jpg,data/raw/PCB_DATASET/PCB_USED/01.JPG,data/raw/PCB_DATASET/Annotations/Open_circuit/01_open_circuit_02.xml,open_circuit,01_open_circuit_02,test
01_open_circuit_03,data/raw/PCB_DATASET/images/Open_circuit/01_open_circuit_03.jpg,data/raw/PCB_DATASET/PCB_USED/01.JPG,data/raw/PCB_DATASET/Annotations/Open_circuit/01_open_circuit_03.xml,open_circuit,01_open_circuit_03,test
01_open_circuit_04,data/raw/PCB_DATASET/images/Open_circuit/01_open_circuit_04.jpg,data/raw/PCB_DATASET/PCB_USED/01.JPG,data/raw/PCB_DATASET/Annotations/Open_circuit/01_open_circuit_04.xml,open_circuit,01_open_circuit_04,test
01_open_circuit_05,data/raw/PCB_DATASET/images/Open_circuit/01_open_circuit_05.jpg,data/raw/PCB_DATASET/PCB_USED/01.JPG,data/raw/PCB_DATASET/Annotations/Open_circuit/01_open_circuit_05.xml,open_circuit,01_open_circuit_05,test
01_open_circuit_06,data/raw/PCB_DATASET/images/Open_circuit/01_open_circuit_06.jpg,data/raw/PCB_DATASET/PCB_USED/01.JPG,data/raw/PCB_DATASET/Annotations/Open_circuit/01_open_circuit_06.xml,open_circuit,01_open_circuit_06,development
01_open_circuit_07,data/raw/PCB_DATASET/images/Open_circuit/01_open_circuit_07.jpg,data/raw/PCB_DATASET/PCB_USED/01.JPG,data/raw/PCB_DATASET/Annotations/Open_circuit/01_open_circuit_07.xml,open_circuit,01_open_circuit_07,development
01_open_circuit_08,data/raw/PCB_DATASET/images/Open_circuit/01_open_circuit_08.jpg,data/raw/PCB_DATASET/PCB_USED/01.JPG,data/raw/PCB_DATASET/Annotations/Open_circuit/01_open_circuit_08.xml,open_circuit,01_open_circuit_08,validation
01_open_circuit_09,data/raw/PCB_DATASET/images/Open_circuit/01_open_circuit_09.jpg,data/raw/PCB_DATASET/PCB_USED/01.JPG,data/raw/PCB_DATASET/Annotations/Open_circuit/01_open_circuit_09.xml,open_circuit,01_open_circuit_09,test
01_open_circuit_10,data/raw/PCB_DATASET/images/Open_circuit/01_open_circuit_10.jpg,data/raw/PCB_DATASET/PCB_USED/01.JPG,data/raw/PCB_DATASET/Annotations/Open_circuit/01_open_circuit_10.xml,open_circuit,01_open_circuit_10,test
01_open_circuit_11,data/raw/PCB_DATASET/images/Open_circuit/01_open_circuit_11.jpg,data/raw/PCB_DATASET/PCB_USED/01.JPG,data/raw/PCB_DATASET/Annotations/Open_circuit/01_open_circuit_11.xml,open_circuit,01_open_circuit_11,validation
01_open_circuit_12,data/raw/PCB_DATASET/images/Open_circuit/01_open_circuit_12.jpg,data/raw/PCB_DATASET/PCB_USED/01.JPG,data/raw/PCB_DATASET/Annotations/Open_circuit/01_open_circuit_12.xml,open_circuit,01_open_circuit_12,development
01_open_circuit_13,data/raw/PCB_DATASET/images/Open_circuit/01_open_circuit_13.jpg,data/raw/PCB_DATASET/PCB_USED/01.JPG,data/raw/PCB_DATASET/Annotations/Open_circuit/01_open_circuit_13.xml,open_circuit,01_open_circuit_13,test
01_open_circuit_14,data/raw/PCB_DATASET/images/Open_circuit/01_open_circuit_14.jpg,data/raw/PCB_DATASET/PCB_USED/01.JPG,data/raw/PCB_DATASET/Annotations/Open_circuit/01_open_circuit_14.xml,open_circuit,01_open_circuit_14,test
01_open_circuit_15,data/raw/PCB_DATASET/images/Open_circuit/01_open_circuit_15.jpg,data/raw/PCB_DATASET/PCB_USED/01.JPG,data/raw/PCB_DATASET/Annotations/Open_circuit/01_open_circuit_15.xml,open_circuit,01_open_circuit_15,test
01_open_circuit_16,data/raw/PCB_DATASET/images/Open_circuit/01_open_circuit_16.jpg,data/raw/PCB_DATASET/PCB_USED/01.JPG,data/raw/PCB_DATASET/Annotations/Open_circuit/01_open_circuit_16.xml,open_circuit,01_open_circuit_16,test
01_open_circuit_17,data/raw/PCB_DATASET/images/Open_circuit/01_open_circuit_17.jpg,data/raw/PCB_DATASET/PCB_USED/01.JPG,data/raw/PCB_DATASET/Annotations/Open_circuit/01_open_circuit_17.xml,open_circuit,01_open_circuit_17,test
01_open_circuit_18,data/raw/PCB_DATASET/images/Open_circuit/01_open_circuit_18.jpg,data/raw/PCB_DATASET/PCB_USED/01.JPG,data/raw/PCB_DATASET/Annotations/Open_circuit/01_open_circuit_18.xml,open_circuit,01_open_circuit_18,validation
01_open_circuit_19,data/raw/PCB_DATASET/images/Open_circuit/01_open_circuit_19.jpg,data/raw/PCB_DATASET/PCB_USED/01.JPG,data/raw/PCB_DATASET/Annotations/Open_circuit/01_open_circuit_19.xml,open_circuit,01_open_circuit_19,validation
01_open_circuit_20,data/raw/PCB_DATASET/images/Open_circuit/01_open_circuit_20.jpg,data/raw/PCB_DATASET/PCB_USED/01.JPG,data/raw/PCB_DATASET/Annotations/Open_circuit/01_open_circuit_20.xml,open_circuit,01_open_circuit_20,validation
01_short_01,data/raw/PCB_DATASET/images/Short/01_short_01.jpg,data/raw/PCB_DATASET/PCB_USED/01.JPG,data/raw/PCB_DATASET/Annotations/Short/01_short_01.xml,short_circuit,01_short_01,validation
01_short_02,data/raw/PCB_DATASET/images/Short/01_short_02.jpg,data/raw/PCB_DATASET/PCB_USED/01.JPG,data/raw/PCB_DATASET/Annotations/Short/01_short_02.xml,short_circuit,01_short_02,test
01_short_03,data/raw/PCB_DATASET/images/Short/01_short_03.jpg,data/raw/PCB_DATASET/PCB_USED/01.JPG,data/raw/PCB_DATASET/Annotations/Short/01_short_03.xml,short_circuit,01_short_03,test
01_short_04,data/raw/PCB_DATASET/images/Short/01_short_04.jpg,data/raw/PCB_DATASET/PCB_USED/01.JPG,data/raw/PCB_DATASET/Annotations/Short/01_short_04.xml,short_circuit,01_short_04,validation
01_short_05,data/raw/PCB_DATASET/images/Short/01_short_05.jpg,data/raw/PCB_DATASET/PCB_USED/01.JPG,data/raw/PCB_DATASET/Annotations/Short/01_short_05.xml,short_circuit,01_short_05,test
01_short_06,data/raw/PCB_DATASET/images/Short/01_short_06.jpg,data/raw/PCB_DATASET/PCB_USED/01.JPG,data/raw/PCB_DATASET/Annotations/Short/01_short_06.xml,short_circuit,01_short_06,validation
01_short_07,data/raw/PCB_DATASET/images/Short/01_short_07.jpg,data/raw/PCB_DATASET/PCB_USED/01.JPG,data/raw/PCB_DATASET/Annotations/Short/01_short_07.xml,short_circuit,01_short_07,development
01_short_08,data/raw/PCB_DATASET/images/Short/01_short_08.jpg,data/raw/PCB_DATASET/PCB_USED/01.JPG,data/raw/PCB_DATASET/Annotations/Short/01_short_08.xml,short_circuit,01_short_08,test
01_short_09,data/raw/PCB_DATASET/images/Short/01_short_09.jpg,data/raw/PCB_DATASET/PCB_USED/01.JPG,data/raw/PCB_DATASET/Annotations/Short/01_short_09.xml,short_circuit,01_short_09,test
01_short_10,data/raw/PCB_DATASET/images/Short/01_short_10.jpg,data/raw/PCB_DATASET/PCB_USED/01.JPG,data/raw/PCB_DATASET/Annotations/Short/01_short_10.xml,short_circuit,01_short_10,test
01_short_11,data/raw/PCB_DATASET/images/Short/01_short_11.jpg,data/raw/PCB_DATASET/PCB_USED/01.JPG,data/raw/PCB_DATASET/Annotations/Short/01_short_11.xml,short_circuit,01_short_11,test
01_short_12,data/raw/PCB_DATASET/images/Short/01_short_12.jpg,data/raw/PCB_DATASET/PCB_USED/01.JPG,data/raw/PCB_DATASET/Annotations/Short/01_short_12.xml,short_circuit,01_short_12,test
01_short_13,data/raw/PCB_DATASET/images/Short/01_short_13.jpg,data/raw/PCB_DATASET/PCB_USED/01.JPG,data/raw/PCB_DATASET/Annotations/Short/01_short_13.xml,short_circuit,01_short_13,test
01_short_14,data/raw/PCB_DATASET/images/Short/01_short_14.jpg,data/raw/PCB_DATASET/PCB_USED/01.JPG,data/raw/PCB_DATASET/Annotations/Short/01_short_14.xml,short_circuit,01_short_14,test
01_short_15,data/raw/PCB_DATASET/images/Short/01_short_15.jpg,data/raw/PCB_DATASET/PCB_USED/01.JPG,data/raw/PCB_DATASET/Annotations/Short/01_short_15.xml,short_circuit,01_short_15,test
01_short_16,data/raw/PCB_DATASET/images/Short/01_short_16.jpg,data/raw/PCB_DATASET/PCB_USED/01.JPG,data/raw/PCB_DATASET/Annotations/Short/01_short_16.xml,short_circuit,01_short_16,test
01_short_17,data/raw/PCB_DATASET/images/Short/01_short_17.jpg,data/raw/PCB_DATASET/PCB_USED/01.JPG,data/raw/PCB_DATASET/Annotations/Short/01_short_17.xml,short_circuit,01_short_17,development
01_short_18,data/raw/PCB_DATASET/images/Short/01_short_18.jpg,data/raw/PCB_DATASET/PCB_USED/01.JPG,data/raw/PCB_DATASET/Annotations/Short/01_short_18.xml,short_circuit,01_short_18,test
01_short_19,data/raw/PCB_DATASET/images/Short/01_short_19.jpg,data/raw/PCB_DATASET/PCB_USED/01.JPG,data/raw/PCB_DATASET/Annotations/Short/01_short_19.xml,short_circuit,01_short_19,test
01_short_20,data/raw/PCB_DATASET/images/Short/01_short_20.jpg,data/raw/PCB_DATASET/PCB_USED/01.JPG,data/raw/PCB_DATASET/Annotations/Short/01_short_20.xml,short_circuit,01_short_20,test
01_spur_01,data/raw/PCB_DATASET/images/Spur/01_spur_01.jpg,data/raw/PCB_DATASET/PCB_USED/01.JPG,data/raw/PCB_DATASET/Annotations/Spur/01_spur_01.xml,spur,01_spur_01,validation
01_spur_02,data/raw/PCB_DATASET/images/Spur/01_spur_02.jpg,data/raw/PCB_DATASET/PCB_USED/01.JPG,data/raw/PCB_DATASET/Annotations/Spur/01_spur_02.xml,spur,01_spur_02,development
01_spur_03,data/raw/PCB_DATASET/images/Spur/01_spur_03.jpg,data/raw/PCB_DATASET/PCB_USED/01.JPG,data/raw/PCB_DATASET/Annotations/Spur/01_spur_03.xml,spur,01_spur_03,development
01_spur_04,data/raw/PCB_DATASET/images/Spur/01_spur_04.jpg,data/raw/PCB_DATASET/PCB_USED/01.JPG,data/raw/PCB_DATASET/Annotations/Spur/01_spur_04.xml,spur,01_spur_04,test
01_spur_05,data/raw/PCB_DATASET/images/Spur/01_spur_05.jpg,data/raw/PCB_DATASET/PCB_USED/01.JPG,data/raw/PCB_DATASET/Annotations/Spur/01_spur_05.xml,spur,01_spur_05,test
01_spur_06,data/raw/PCB_DATASET/images/Spur/01_spur_06.jpg,data/raw/PCB_DATASET/PCB_USED/01.JPG,data/raw/PCB_DATASET/Annotations/Spur/01_spur_06.xml,spur,01_spur_06,test
01_spur_07,data/raw/PCB_DATASET/images/Spur/01_spur_07.jpg,data/raw/PCB_DATASET/PCB_USED/01.JPG,data/raw/PCB_DATASET/Annotations/Spur/01_spur_07.xml,spur,01_spur_07,test
01_spur_08,data/raw/PCB_DATASET/images/Spur/01_spur_08.jpg,data/raw/PCB_DATASET/PCB_USED/01.JPG,data/raw/PCB_DATASET/Annotations/Spur/01_spur_08.xml,spur,01_spur_08,test
01_spur_09,data/raw/PCB_DATASET/images/Spur/01_spur_09.jpg,data/raw/PCB_DATASET/PCB_USED/01.JPG,data/raw/PCB_DATASET/Annotations/Spur/01_spur_09.xml,spur,01_spur_09,test
01_spur_10,data/raw/PCB_DATASET/images/Spur/01_spur_10.jpg,data/raw/PCB_DATASET/PCB_USED/01.JPG,data/raw/PCB_DATASET/Annotations/Spur/01_spur_10.xml,spur,01_spur_10,test
01_spur_11,data/raw/PCB_DATASET/images/Spur/01_spur_11.jpg,data/raw/PCB_DATASET/PCB_USED/01.JPG,data/raw/PCB_DATASET/Annotations/Spur/01_spur_11.xml,spur,01_spur_11,validation
01_spur_12,data/raw/PCB_DATASET/images/Spur/01_spur_12.jpg,data/raw/PCB_DATASET/PCB_USED/01.JPG,data/raw/PCB_DATASET/Annotations/Spur/01_spur_12.xml,spur,01_spur_12,test
01_spur_13,data/raw/PCB_DATASET/images/Spur/01_spur_13.jpg,data/raw/PCB_DATASET/PCB_USED/01.JPG,data/raw/PCB_DATASET/Annotations/Spur/01_spur_13.xml,spur,01_spur_13,validation
01_spur_14,data/raw/PCB_DATASET/images/Spur/01_spur_14.jpg,data/raw/PCB_DATASET/PCB_USED/01.JPG,data/raw/PCB_DATASET/Annotations/Spur/01_spur_14.xml,spur,01_spur_14,test
01_spur_15,data/raw/PCB_DATASET/images/Spur/01_spur_15.jpg,data/raw/PCB_DATASET/PCB_USED/01.JPG,data/raw/PCB_DATASET/Annotations/Spur/01_spur_15.xml,spur,01_spur_15,test
01_spur_16,data/raw/PCB_DATASET/images/Spur/01_spur_16.jpg,data/raw/PCB_DATASET/PCB_USED/01.JPG,data/raw/PCB_DATASET/Annotations/Spur/01_spur_16.xml,spur,01_spur_16,test
01_spur_17,data/raw/PCB_DATASET/images/Spur/01_spur_17.jpg,data/raw/PCB_DATASET/PCB_USED/01.JPG,data/raw/PCB_DATASET/Annotations/Spur/01_spur_17.xml,spur,01_spur_17,development
01_spur_18,data/raw/PCB_DATASET/images/Spur/01_spur_18.jpg,data/raw/PCB_DATASET/PCB_USED/01.JPG,data/raw/PCB_DATASET/Annotations/Spur/01_spur_18.xml,spur,01_spur_18,test
01_spur_19,data/raw/PCB_DATASET/images/Spur/01_spur_19.jpg,data/raw/PCB_DATASET/PCB_USED/01.JPG,data/raw/PCB_DATASET/Annotations/Spur/01_spur_19.xml,spur,01_spur_19,test
01_spur_20,data/raw/PCB_DATASET/images/Spur/01_spur_20.jpg,data/raw/PCB_DATASET/PCB_USED/01.JPG,data/raw/PCB_DATASET/Annotations/Spur/01_spur_20.xml,spur,01_spur_20,test
01_spurious_copper_01,data/raw/PCB_DATASET/images/Spurious_copper/01_spurious_copper_01.jpg,data/raw/PCB_DATASET/PCB_USED/01.JPG,data/raw/PCB_DATASET/Annotations/Spurious_copper/01_spurious_copper_01.xml,spurious_copper,01_spurious_copper_01,test
01_spurious_copper_02,data/raw/PCB_DATASET/images/Spurious_copper/01_spurious_copper_02.jpg,data/raw/PCB_DATASET/PCB_USED/01.JPG,data/raw/PCB_DATASET/Annotations/Spurious_copper/01_spurious_copper_02.xml,spurious_copper,01_spurious_copper_02,test
01_spurious_copper_03,data/raw/PCB_DATASET/images/Spurious_copper/01_spurious_copper_03.jpg,data/raw/PCB_DATASET/PCB_USED/01.JPG,data/raw/PCB_DATASET/Annotations/Spurious_copper/01_spurious_copper_03.xml,spurious_copper,01_spurious_copper_03,validation
01_spurious_copper_04,data/raw/PCB_DATASET/images/Spurious_copper/01_spurious_copper_04.jpg,data/raw/PCB_DATASET/PCB_USED/01.JPG,data/raw/PCB_DATASET/Annotations/Spurious_copper/01_spurious_copper_04.xml,spurious_copper,01_spurious_copper_04,test
01_spurious_copper_05,data/raw/PCB_DATASET/images/Spurious_copper/01_spurious_copper_05.jpg,data/raw/PCB_DATASET/PCB_USED/01.JPG,data/raw/PCB_DATASET/Annotations/Spurious_copper/01_spurious_copper_05.xml,spurious_copper,01_spurious_copper_05,test
01_spurious_copper_06,data/raw/PCB_DATASET/images/Spurious_copper/01_spurious_copper_06.jpg,data/raw/PCB_DATASET/PCB_USED/01.JPG,data/raw/PCB_DATASET/Annotations/Spurious_copper/01_spurious_copper_06.xml,spurious_copper,01_spurious_copper_06,test
01_spurious_copper_07,data/raw/PCB_DATASET/images/Spurious_copper/01_spurious_copper_07.jpg,data/raw/PCB_DATASET/PCB_USED/01.JPG,data/raw/PCB_DATASET/Annotations/Spurious_copper/01_spurious_copper_07.xml,spurious_copper,01_spurious_copper_07,validation
01_spurious_copper_08,data/raw/PCB_DATASET/images/Spurious_copper/01_spurious_copper_08.jpg,data/raw/PCB_DATASET/PCB_USED/01.JPG,data/raw/PCB_DATASET/Annotations/Spurious_copper/01_spurious_copper_08.xml,spurious_copper,01_spurious_copper_08,test
01_spurious_copper_09,data/raw/PCB_DATASET/images/Spurious_copper/01_spurious_copper_09.jpg,data/raw/PCB_DATASET/PCB_USED/01.JPG,data/raw/PCB_DATASET/Annotations/Spurious_copper/01_spurious_copper_09.xml,spurious_copper,01_spurious_copper_09,test
01_spurious_copper_10,data/raw/PCB_DATASET/images/Spurious_copper/01_spurious_copper_10.jpg,data/raw/PCB_DATASET/PCB_USED/01.JPG,data/raw/PCB_DATASET/Annotations/Spurious_copper/01_spurious_copper_10.xml,spurious_copper,01_spurious_copper_10,development
01_spurious_copper_11,data/raw/PCB_DATASET/images/Spurious_copper/01_spurious_copper_11.jpg,data/raw/PCB_DATASET/PCB_USED/01.JPG,data/raw/PCB_DATASET/Annotations/Spurious_copper/01_spurious_copper_11.xml,spurious_copper,01_spurious_copper_11,development
01_spurious_copper_12,data/raw/PCB_DATASET/images/Spurious_copper/01_spurious_copper_12.jpg,data/raw/PCB_DATASET/PCB_USED/01.JPG,data/raw/PCB_DATASET/Annotations/Spurious_copper/01_spurious_copper_12.xml,spurious_copper,01_spurious_copper_12,development
01_spurious_copper_13,data/raw/PCB_DATASET/images/Spurious_copper/01_spurious_copper_13.jpg,data/raw/PCB_DATASET/PCB_USED/01.JPG,data/raw/PCB_DATASET/Annotations/Spurious_copper/01_spurious_copper_13.xml,spurious_copper,01_spurious_copper_13,test
01_spurious_copper_14,data/raw/PCB_DATASET/images/Spurious_copper/01_spurious_copper_14.jpg,data/raw/PCB_DATASET/PCB_USED/01.JPG,data/raw/PCB_DATASET/Annotations/Spurious_copper/01_spurious_copper_14.xml,spurious_copper,01_spurious_copper_14,test
01_spurious_copper_15,data/raw/PCB_DATASET/images/Spurious_copper/01_spurious_copper_15.jpg,data/raw/PCB_DATASET/PCB_USED/01.JPG,data/raw/PCB_DATASET/Annotations/Spurious_copper/01_spurious_copper_15.xml,spurious_copper,01_spurious_copper_15,test
01_spurious_copper_16,data/raw/PCB_DATASET/images/Spurious_copper/01_spurious_copper_16.jpg,data/raw/PCB_DATASET/PCB_USED/01.JPG,data/raw/PCB_DATASET/Annotations/Spurious_copper/01_spurious_copper_16.xml,spurious_copper,01_spurious_copper_16,validation
01_spurious_copper_17,data/raw/PCB_DATASET/images/Spurious_copper/01_spurious_copper_17.jpg,data/raw/PCB_DATASET/PCB_USED/01.JPG,data/raw/PCB_DATASET/Annotations/Spurious_copper/01_spurious_copper_17.xml,spurious_copper,01_spurious_copper_17,test
01_spurious_copper_18,data/raw/PCB_DATASET/images/Spurious_copper/01_spurious_copper_18.jpg,data/raw/PCB_DATASET/PCB_USED/01.JPG,data/raw/PCB_DATASET/Annotations/Spurious_copper/01_spurious_copper_18.xml,spurious_copper,01_spurious_copper_18,validation
01_spurious_copper_19,data/raw/PCB_DATASET/images/Spurious_copper/01_spurious_copper_19.jpg,data/raw/PCB_DATASET/PCB_USED/01.JPG,data/raw/PCB_DATASET/Annotations/Spurious_copper/01_spurious_copper_19.xml,spurious_copper,01_spurious_copper_19,test
01_spurious_copper_20,data/raw/PCB_DATASET/images/Spurious_copper/01_spurious_copper_20.jpg,data/raw/PCB_DATASET/PCB_USED/01.JPG,data/raw/PCB_DATASET/Annotations/Spurious_copper/01_spurious_copper_20.xml,spurious_copper,01_spurious_copper_20,validation
04_missing_hole_01,data/raw/PCB_DATASET/images/Missing_hole/04_missing_hole_01.jpg,data/raw/PCB_DATASET/PCB_USED/04.JPG,data/raw/PCB_DATASET/Annotations/Missing_hole/04_missing_hole_01.xml,missing_hole,04_missing_hole_01,test
04_missing_hole_02,data/raw/PCB_DATASET/images/Missing_hole/04_missing_hole_02.jpg,data/raw/PCB_DATASET/PCB_USED/04.JPG,data/raw/PCB_DATASET/Annotations/Missing_hole/04_missing_hole_02.xml,missing_hole,04_missing_hole_02,development
04_missing_hole_03,data/raw/PCB_DATASET/images/Missing_hole/04_missing_hole_03.jpg,data/raw/PCB_DATASET/PCB_USED/04.JPG,data/raw/PCB_DATASET/Annotations/Missing_hole/04_missing_hole_03.xml,missing_hole,04_missing_hole_03,validation
04_missing_hole_04,data/raw/PCB_DATASET/images/Missing_hole/04_missing_hole_04.jpg,data/raw/PCB_DATASET/PCB_USED/04.JPG,data/raw/PCB_DATASET/Annotations/Missing_hole/04_missing_hole_04.xml,missing_hole,04_missing_hole_04,test
04_missing_hole_05,data/raw/PCB_DATASET/images/Missing_hole/04_missing_hole_05.jpg,data/raw/PCB_DATASET/PCB_USED/04.JPG,data/raw/PCB_DATASET/Annotations/Missing_hole/04_missing_hole_05.xml,missing_hole,04_missing_hole_05,validation
04_missing_hole_06,data/raw/PCB_DATASET/images/Missing_hole/04_missing_hole_06.jpg,data/raw/PCB_DATASET/PCB_USED/04.JPG,data/raw/PCB_DATASET/Annotations/Missing_hole/04_missing_hole_06.xml,missing_hole,04_missing_hole_06,test
04_missing_hole_07,data/raw/PCB_DATASET/images/Missing_hole/04_missing_hole_07.jpg,data/raw/PCB_DATASET/PCB_USED/04.JPG,data/raw/PCB_DATASET/Annotations/Missing_hole/04_missing_hole_07.xml,missing_hole,04_missing_hole_07,development
04_missing_hole_08,data/raw/PCB_DATASET/images/Missing_hole/04_missing_hole_08.jpg,data/raw/PCB_DATASET/PCB_USED/04.JPG,data/raw/PCB_DATASET/Annotations/Missing_hole/04_missing_hole_08.xml,missing_hole,04_missing_hole_08,test
04_missing_hole_09,data/raw/PCB_DATASET/images/Missing_hole/04_missing_hole_09.jpg,data/raw/PCB_DATASET/PCB_USED/04.JPG,data/raw/PCB_DATASET/Annotations/Missing_hole/04_missing_hole_09.xml,missing_hole,04_missing_hole_09,test
04_missing_hole_10,data/raw/PCB_DATASET/images/Missing_hole/04_missing_hole_10.jpg,data/raw/PCB_DATASET/PCB_USED/04.JPG,data/raw/PCB_DATASET/Annotations/Missing_hole/04_missing_hole_10.xml,missing_hole,04_missing_hole_10,test
04_missing_hole_11,data/raw/PCB_DATASET/images/Missing_hole/04_missing_hole_11.jpg,data/raw/PCB_DATASET/PCB_USED/04.JPG,data/raw/PCB_DATASET/Annotations/Missing_hole/04_missing_hole_11.xml,missing_hole,04_missing_hole_11,development
04_missing_hole_12,data/raw/PCB_DATASET/images/Missing_hole/04_missing_hole_12.jpg,data/raw/PCB_DATASET/PCB_USED/04.JPG,data/raw/PCB_DATASET/Annotations/Missing_hole/04_missing_hole_12.xml,missing_hole,04_missing_hole_12,test
04_missing_hole_13,data/raw/PCB_DATASET/images/Missing_hole/04_missing_hole_13.jpg,data/raw/PCB_DATASET/PCB_USED/04.JPG,data/raw/PCB_DATASET/Annotations/Missing_hole/04_missing_hole_13.xml,missing_hole,04_missing_hole_13,development
04_missing_hole_14,data/raw/PCB_DATASET/images/Missing_hole/04_missing_hole_14.jpg,data/raw/PCB_DATASET/PCB_USED/04.JPG,data/raw/PCB_DATASET/Annotations/Missing_hole/04_missing_hole_14.xml,missing_hole,04_missing_hole_14,test
04_missing_hole_15,data/raw/PCB_DATASET/images/Missing_hole/04_missing_hole_15.jpg,data/raw/PCB_DATASET/PCB_USED/04.JPG,data/raw/PCB_DATASET/Annotations/Missing_hole/04_missing_hole_15.xml,missing_hole,04_missing_hole_15,validation
04_missing_hole_16,data/raw/PCB_DATASET/images/Missing_hole/04_missing_hole_16.jpg,data/raw/PCB_DATASET/PCB_USED/04.JPG,data/raw/PCB_DATASET/Annotations/Missing_hole/04_missing_hole_16.xml,missing_hole,04_missing_hole_16,test
04_missing_hole_17,data/raw/PCB_DATASET/images/Missing_hole/04_missing_hole_17.jpg,data/raw/PCB_DATASET/PCB_USED/04.JPG,data/raw/PCB_DATASET/Annotations/Missing_hole/04_missing_hole_17.xml,missing_hole,04_missing_hole_17,test
04_missing_hole_18,data/raw/PCB_DATASET/images/Missing_hole/04_missing_hole_18.jpg,data/raw/PCB_DATASET/PCB_USED/04.JPG,data/raw/PCB_DATASET/Annotations/Missing_hole/04_missing_hole_18.xml,missing_hole,04_missing_hole_18,development
04_missing_hole_19,data/raw/PCB_DATASET/images/Missing_hole/04_missing_hole_19.jpg,data/raw/PCB_DATASET/PCB_USED/04.JPG,data/raw/PCB_DATASET/Annotations/Missing_hole/04_missing_hole_19.xml,missing_hole,04_missing_hole_19,validation
04_missing_hole_20,data/raw/PCB_DATASET/images/Missing_hole/04_missing_hole_20.jpg,data/raw/PCB_DATASET/PCB_USED/04.JPG,data/raw/PCB_DATASET/Annotations/Missing_hole/04_missing_hole_20.xml,missing_hole,04_missing_hole_20,test
04_mouse_bite_01,data/raw/PCB_DATASET/images/Mouse_bite/04_mouse_bite_01.jpg,data/raw/PCB_DATASET/PCB_USED/04.JPG,data/raw/PCB_DATASET/Annotations/Mouse_bite/04_mouse_bite_01.xml,mouse_bite,04_mouse_bite_01,test
04_mouse_bite_02,data/raw/PCB_DATASET/images/Mouse_bite/04_mouse_bite_02.jpg,data/raw/PCB_DATASET/PCB_USED/04.JPG,data/raw/PCB_DATASET/Annotations/Mouse_bite/04_mouse_bite_02.xml,mouse_bite,04_mouse_bite_02,test
04_mouse_bite_03,data/raw/PCB_DATASET/images/Mouse_bite/04_mouse_bite_03.jpg,data/raw/PCB_DATASET/PCB_USED/04.JPG,data/raw/PCB_DATASET/Annotations/Mouse_bite/04_mouse_bite_03.xml,mouse_bite,04_mouse_bite_03,test
04_mouse_bite_04,data/raw/PCB_DATASET/images/Mouse_bite/04_mouse_bite_04.jpg,data/raw/PCB_DATASET/PCB_USED/04.JPG,data/raw/PCB_DATASET/Annotations/Mouse_bite/04_mouse_bite_04.xml,mouse_bite,04_mouse_bite_04,test
04_mouse_bite_05,data/raw/PCB_DATASET/images/Mouse_bite/04_mouse_bite_05.jpg,data/raw/PCB_DATASET/PCB_USED/04.JPG,data/raw/PCB_DATASET/Annotations/Mouse_bite/04_mouse_bite_05.xml,mouse_bite,04_mouse_bite_05,validation
04_mouse_bite_06,data/raw/PCB_DATASET/images/Mouse_bite/04_mouse_bite_06.jpg,data/raw/PCB_DATASET/PCB_USED/04.JPG,data/raw/PCB_DATASET/Annotations/Mouse_bite/04_mouse_bite_06.xml,mouse_bite,04_mouse_bite_06,development
04_mouse_bite_07,data/raw/PCB_DATASET/images/Mouse_bite/04_mouse_bite_07.jpg,data/raw/PCB_DATASET/PCB_USED/04.JPG,data/raw/PCB_DATASET/Annotations/Mouse_bite/04_mouse_bite_07.xml,mouse_bite,04_mouse_bite_07,development
04_mouse_bite_08,data/raw/PCB_DATASET/images/Mouse_bite/04_mouse_bite_08.jpg,data/raw/PCB_DATASET/PCB_USED/04.JPG,data/raw/PCB_DATASET/Annotations/Mouse_bite/04_mouse_bite_08.xml,mouse_bite,04_mouse_bite_08,development
04_mouse_bite_09,data/raw/PCB_DATASET/images/Mouse_bite/04_mouse_bite_09.jpg,data/raw/PCB_DATASET/PCB_USED/04.JPG,data/raw/PCB_DATASET/Annotations/Mouse_bite/04_mouse_bite_09.xml,mouse_bite,04_mouse_bite_09,validation
04_mouse_bite_10,data/raw/PCB_DATASET/images/Mouse_bite/04_mouse_bite_10.jpg,data/raw/PCB_DATASET/PCB_USED/04.JPG,data/raw/PCB_DATASET/Annotations/Mouse_bite/04_mouse_bite_10.xml,mouse_bite,04_mouse_bite_10,test
04_mouse_bite_11,data/raw/PCB_DATASET/images/Mouse_bite/04_mouse_bite_11.jpg,data/raw/PCB_DATASET/PCB_USED/04.JPG,data/raw/PCB_DATASET/Annotations/Mouse_bite/04_mouse_bite_11.xml,mouse_bite,04_mouse_bite_11,development
04_mouse_bite_12,data/raw/PCB_DATASET/images/Mouse_bite/04_mouse_bite_12.jpg,data/raw/PCB_DATASET/PCB_USED/04.JPG,data/raw/PCB_DATASET/Annotations/Mouse_bite/04_mouse_bite_12.xml,mouse_bite,04_mouse_bite_12,development
04_mouse_bite_13,data/raw/PCB_DATASET/images/Mouse_bite/04_mouse_bite_13.jpg,data/raw/PCB_DATASET/PCB_USED/04.JPG,data/raw/PCB_DATASET/Annotations/Mouse_bite/04_mouse_bite_13.xml,mouse_bite,04_mouse_bite_13,development
04_mouse_bite_14,data/raw/PCB_DATASET/images/Mouse_bite/04_mouse_bite_14.jpg,data/raw/PCB_DATASET/PCB_USED/04.JPG,data/raw/PCB_DATASET/Annotations/Mouse_bite/04_mouse_bite_14.xml,mouse_bite,04_mouse_bite_14,test
04_mouse_bite_15,data/raw/PCB_DATASET/images/Mouse_bite/04_mouse_bite_15.jpg,data/raw/PCB_DATASET/PCB_USED/04.JPG,data/raw/PCB_DATASET/Annotations/Mouse_bite/04_mouse_bite_15.xml,mouse_bite,04_mouse_bite_15,test
04_mouse_bite_16,data/raw/PCB_DATASET/images/Mouse_bite/04_mouse_bite_16.jpg,data/raw/PCB_DATASET/PCB_USED/04.JPG,data/raw/PCB_DATASET/Annotations/Mouse_bite/04_mouse_bite_16.xml,mouse_bite,04_mouse_bite_16,test
04_mouse_bite_17,data/raw/PCB_DATASET/images/Mouse_bite/04_mouse_bite_17.jpg,data/raw/PCB_DATASET/PCB_USED/04.JPG,data/raw/PCB_DATASET/Annotations/Mouse_bite/04_mouse_bite_17.xml,mouse_bite,04_mouse_bite_17,test
04_mouse_bite_18,data/raw/PCB_DATASET/images/Mouse_bite/04_mouse_bite_18.jpg,data/raw/PCB_DATASET/PCB_USED/04.JPG,data/raw/PCB_DATASET/Annotations/Mouse_bite/04_mouse_bite_18.xml,mouse_bite,04_mouse_bite_18,test
04_mouse_bite_19,data/raw/PCB_DATASET/images/Mouse_bite/04_mouse_bite_19.jpg,data/raw/PCB_DATASET/PCB_USED/04.JPG,data/raw/PCB_DATASET/Annotations/Mouse_bite/04_mouse_bite_19.xml,mouse_bite,04_mouse_bite_19,development
04_mouse_bite_20,data/raw/PCB_DATASET/images/Mouse_bite/04_mouse_bite_20.jpg,data/raw/PCB_DATASET/PCB_USED/04.JPG,data/raw/PCB_DATASET/Annotations/Mouse_bite/04_mouse_bite_20.xml,mouse_bite,04_mouse_bite_20,test
04_open_circuit_01,data/raw/PCB_DATASET/images/Open_circuit/04_open_circuit_01.jpg,data/raw/PCB_DATASET/PCB_USED/04.JPG,data/raw/PCB_DATASET/Annotations/Open_circuit/04_open_circuit_01.xml,open_circuit,04_open_circuit_01,test
04_open_circuit_02,data/raw/PCB_DATASET/images/Open_circuit/04_open_circuit_02.jpg,data/raw/PCB_DATASET/PCB_USED/04.JPG,data/raw/PCB_DATASET/Annotations/Open_circuit/04_open_circuit_02.xml,open_circuit,04_open_circuit_02,validation
04_open_circuit_03,data/raw/PCB_DATASET/images/Open_circuit/04_open_circuit_03.jpg,data/raw/PCB_DATASET/PCB_USED/04.JPG,data/raw/PCB_DATASET/Annotations/Open_circuit/04_open_circuit_03.xml,open_circuit,04_open_circuit_03,test
04_open_circuit_04,data/raw/PCB_DATASET/images/Open_circuit/04_open_circuit_04.jpg,data/raw/PCB_DATASET/PCB_USED/04.JPG,data/raw/PCB_DATASET/Annotations/Open_circuit/04_open_circuit_04.xml,open_circuit,04_open_circuit_04,validation
04_open_circuit_05,data/raw/PCB_DATASET/images/Open_circuit/04_open_circuit_05.jpg,data/raw/PCB_DATASET/PCB_USED/04.JPG,data/raw/PCB_DATASET/Annotations/Open_circuit/04_open_circuit_05.xml,open_circuit,04_open_circuit_05,test
04_open_circuit_06,data/raw/PCB_DATASET/images/Open_circuit/04_open_circuit_06.jpg,data/raw/PCB_DATASET/PCB_USED/04.JPG,data/raw/PCB_DATASET/Annotations/Open_circuit/04_open_circuit_06.xml,open_circuit,04_open_circuit_06,development
04_open_circuit_07,data/raw/PCB_DATASET/images/Open_circuit/04_open_circuit_07.jpg,data/raw/PCB_DATASET/PCB_USED/04.JPG,data/raw/PCB_DATASET/Annotations/Open_circuit/04_open_circuit_07.xml,open_circuit,04_open_circuit_07,development
04_open_circuit_08,data/raw/PCB_DATASET/images/Open_circuit/04_open_circuit_08.jpg,data/raw/PCB_DATASET/PCB_USED/04.JPG,data/raw/PCB_DATASET/Annotations/Open_circuit/04_open_circuit_08.xml,open_circuit,04_open_circuit_08,test
04_open_circuit_09,data/raw/PCB_DATASET/images/Open_circuit/04_open_circuit_09.jpg,data/raw/PCB_DATASET/PCB_USED/04.JPG,data/raw/PCB_DATASET/Annotations/Open_circuit/04_open_circuit_09.xml,open_circuit,04_open_circuit_09,test
04_open_circuit_10,data/raw/PCB_DATASET/images/Open_circuit/04_open_circuit_10.jpg,data/raw/PCB_DATASET/PCB_USED/04.JPG,data/raw/PCB_DATASET/Annotations/Open_circuit/04_open_circuit_10.xml,open_circuit,04_open_circuit_10,validation
04_open_circuit_11,data/raw/PCB_DATASET/images/Open_circuit/04_open_circuit_11.jpg,data/raw/PCB_DATASET/PCB_USED/04.JPG,data/raw/PCB_DATASET/Annotations/Open_circuit/04_open_circuit_11.xml,open_circuit,04_open_circuit_11,validation
04_open_circuit_12,data/raw/PCB_DATASET/images/Open_circuit/04_open_circuit_12.jpg,data/raw/PCB_DATASET/PCB_USED/04.JPG,data/raw/PCB_DATASET/Annotations/Open_circuit/04_open_circuit_12.xml,open_circuit,04_open_circuit_12,validation
04_open_circuit_13,data/raw/PCB_DATASET/images/Open_circuit/04_open_circuit_13.jpg,data/raw/PCB_DATASET/PCB_USED/04.JPG,data/raw/PCB_DATASET/Annotations/Open_circuit/04_open_circuit_13.xml,open_circuit,04_open_circuit_13,development
04_open_circuit_14,data/raw/PCB_DATASET/images/Open_circuit/04_open_circuit_14.jpg,data/raw/PCB_DATASET/PCB_USED/04.JPG,data/raw/PCB_DATASET/Annotations/Open_circuit/04_open_circuit_14.xml,open_circuit,04_open_circuit_14,test
04_open_circuit_15,data/raw/PCB_DATASET/images/Open_circuit/04_open_circuit_15.jpg,data/raw/PCB_DATASET/PCB_USED/04.JPG,data/raw/PCB_DATASET/Annotations/Open_circuit/04_open_circuit_15.xml,open_circuit,04_open_circuit_15,test
04_open_circuit_16,data/raw/PCB_DATASET/images/Open_circuit/04_open_circuit_16.jpg,data/raw/PCB_DATASET/PCB_USED/04.JPG,data/raw/PCB_DATASET/Annotations/Open_circuit/04_open_circuit_16.xml,open_circuit,04_open_circuit_16,development
04_open_circuit_17,data/raw/PCB_DATASET/images/Open_circuit/04_open_circuit_17.jpg,data/raw/PCB_DATASET/PCB_USED/04.JPG,data/raw/PCB_DATASET/Annotations/Open_circuit/04_open_circuit_17.xml,open_circuit,04_open_circuit_17,test
04_open_circuit_18,data/raw/PCB_DATASET/images/Open_circuit/04_open_circuit_18.jpg,data/raw/PCB_DATASET/PCB_USED/04.JPG,data/raw/PCB_DATASET/Annotations/Open_circuit/04_open_circuit_18.xml,open_circuit,04_open_circuit_18,test
04_open_circuit_19,data/raw/PCB_DATASET/images/Open_circuit/04_open_circuit_19.jpg,data/raw/PCB_DATASET/PCB_USED/04.JPG,data/raw/PCB_DATASET/Annotations/Open_circuit/04_open_circuit_19.xml,open_circuit,04_open_circuit_19,test
04_open_circuit_20,data/raw/PCB_DATASET/images/Open_circuit/04_open_circuit_20.jpg,data/raw/PCB_DATASET/PCB_USED/04.JPG,data/raw/PCB_DATASET/Annotations/Open_circuit/04_open_circuit_20.xml,open_circuit,04_open_circuit_20,development
04_short_01,data/raw/PCB_DATASET/images/Short/04_short_01.jpg,data/raw/PCB_DATASET/PCB_USED/04.JPG,data/raw/PCB_DATASET/Annotations/Short/04_short_01.xml,short_circuit,04_short_01,validation
04_short_02,data/raw/PCB_DATASET/images/Short/04_short_02.jpg,data/raw/PCB_DATASET/PCB_USED/04.JPG,data/raw/PCB_DATASET/Annotations/Short/04_short_02.xml,short_circuit,04_short_02,development
04_short_03,data/raw/PCB_DATASET/images/Short/04_short_03.jpg,data/raw/PCB_DATASET/PCB_USED/04.JPG,data/raw/PCB_DATASET/Annotations/Short/04_short_03.xml,short_circuit,04_short_03,test
04_short_04,data/raw/PCB_DATASET/images/Short/04_short_04.jpg,data/raw/PCB_DATASET/PCB_USED/04.JPG,data/raw/PCB_DATASET/Annotations/Short/04_short_04.xml,short_circuit,04_short_04,development
04_short_05,data/raw/PCB_DATASET/images/Short/04_short_05.jpg,data/raw/PCB_DATASET/PCB_USED/04.JPG,data/raw/PCB_DATASET/Annotations/Short/04_short_05.xml,short_circuit,04_short_05,test
04_short_06,data/raw/PCB_DATASET/images/Short/04_short_06.jpg,data/raw/PCB_DATASET/PCB_USED/04.JPG,data/raw/PCB_DATASET/Annotations/Short/04_short_06.xml,short_circuit,04_short_06,development
04_short_07,data/raw/PCB_DATASET/images/Short/04_short_07.jpg,data/raw/PCB_DATASET/PCB_USED/04.JPG,data/raw/PCB_DATASET/Annotations/Short/04_short_07.xml,short_circuit,04_short_07,test
04_short_08,data/raw/PCB_DATASET/images/Short/04_short_08.jpg,data/raw/PCB_DATASET/PCB_USED/04.JPG,data/raw/PCB_DATASET/Annotations/Short/04_short_08.xml,short_circuit,04_short_08,test
04_short_09,data/raw/PCB_DATASET/images/Short/04_short_09.jpg,data/raw/PCB_DATASET/PCB_USED/04.JPG,data/raw/PCB_DATASET/Annotations/Short/04_short_09.xml,short_circuit,04_short_09,development
04_short_10,data/raw/PCB_DATASET/images/Short/04_short_10.jpg,data/raw/PCB_DATASET/PCB_USED/04.JPG,data/raw/PCB_DATASET/Annotations/Short/04_short_10.xml,short_circuit,04_short_10,test
04_short_11,data/raw/PCB_DATASET/images/Short/04_short_11.jpg,data/raw/PCB_DATASET/PCB_USED/04.JPG,data/raw/PCB_DATASET/Annotations/Short/04_short_11.xml,short_circuit,04_short_11,validation
04_short_12,data/raw/PCB_DATASET/images/Short/04_short_12.jpg,data/raw/PCB_DATASET/PCB_USED/04.JPG,data/raw/PCB_DATASET/Annotations/Short/04_short_12.xml,short_circuit,04_short_12,test
04_short_13,data/raw/PCB_DATASET/images/Short/04_short_13.jpg,data/raw/PCB_DATASET/PCB_USED/04.JPG,data/raw/PCB_DATASET/Annotations/Short/04_short_13.xml,short_circuit,04_short_13,test
04_short_14,data/raw/PCB_DATASET/images/Short/04_short_14.jpg,data/raw/PCB_DATASET/PCB_USED/04.JPG,data/raw/PCB_DATASET/Annotations/Short/04_short_14.xml,short_circuit,04_short_14,validation
04_short_15,data/raw/PCB_DATASET/images/Short/04_short_15.jpg,data/raw/PCB_DATASET/PCB_USED/04.JPG,data/raw/PCB_DATASET/Annotations/Short/04_short_15.xml,short_circuit,04_short_15,test
04_short_16,data/raw/PCB_DATASET/images/Short/04_short_16.jpg,data/raw/PCB_DATASET/PCB_USED/04.JPG,data/raw/PCB_DATASET/Annotations/Short/04_short_16.xml,short_circuit,04_short_16,validation
04_short_17,data/raw/PCB_DATASET/images/Short/04_short_17.jpg,data/raw/PCB_DATASET/PCB_USED/04.JPG,data/raw/PCB_DATASET/Annotations/Short/04_short_17.xml,short_circuit,04_short_17,test
04_short_18,data/raw/PCB_DATASET/images/Short/04_short_18.jpg,data/raw/PCB_DATASET/PCB_USED/04.JPG,data/raw/PCB_DATASET/Annotations/Short/04_short_18.xml,short_circuit,04_short_18,test
04_short_19,data/raw/PCB_DATASET/images/Short/04_short_19.jpg,data/raw/PCB_DATASET/PCB_USED/04.JPG,data/raw/PCB_DATASET/Annotations/Short/04_short_19.xml,short_circuit,04_short_19,test
04_short_20,data/raw/PCB_DATASET/images/Short/04_short_20.jpg,data/raw/PCB_DATASET/PCB_USED/04.JPG,data/raw/PCB_DATASET/Annotations/Short/04_short_20.xml,short_circuit,04_short_20,test
04_spur_01,data/raw/PCB_DATASET/images/Spur/04_spur_01.jpg,data/raw/PCB_DATASET/PCB_USED/04.JPG,data/raw/PCB_DATASET/Annotations/Spur/04_spur_01.xml,spur,04_spur_01,test
04_spur_02,data/raw/PCB_DATASET/images/Spur/04_spur_02.jpg,data/raw/PCB_DATASET/PCB_USED/04.JPG,data/raw/PCB_DATASET/Annotations/Spur/04_spur_02.xml,spur,04_spur_02,validation
04_spur_03,data/raw/PCB_DATASET/images/Spur/04_spur_03.jpg,data/raw/PCB_DATASET/PCB_USED/04.JPG,data/raw/PCB_DATASET/Annotations/Spur/04_spur_03.xml,spur,04_spur_03,test
04_spur_04,data/raw/PCB_DATASET/images/Spur/04_spur_04.jpg,data/raw/PCB_DATASET/PCB_USED/04.JPG,data/raw/PCB_DATASET/Annotations/Spur/04_spur_04.xml,spur,04_spur_04,test
04_spur_05,data/raw/PCB_DATASET/images/Spur/04_spur_05.jpg,data/raw/PCB_DATASET/PCB_USED/04.JPG,data/raw/PCB_DATASET/Annotations/Spur/04_spur_05.xml,spur,04_spur_05,development
04_spur_06,data/raw/PCB_DATASET/images/Spur/04_spur_06.jpg,data/raw/PCB_DATASET/PCB_USED/04.JPG,data/raw/PCB_DATASET/Annotations/Spur/04_spur_06.xml,spur,04_spur_06,validation
04_spur_07,data/raw/PCB_DATASET/images/Spur/04_spur_07.jpg,data/raw/PCB_DATASET/PCB_USED/04.JPG,data/raw/PCB_DATASET/Annotations/Spur/04_spur_07.xml,spur,04_spur_07,development
04_spur_08,data/raw/PCB_DATASET/images/Spur/04_spur_08.jpg,data/raw/PCB_DATASET/PCB_USED/04.JPG,data/raw/PCB_DATASET/Annotations/Spur/04_spur_08.xml,spur,04_spur_08,development
04_spur_09,data/raw/PCB_DATASET/images/Spur/04_spur_09.jpg,data/raw/PCB_DATASET/PCB_USED/04.JPG,data/raw/PCB_DATASET/Annotations/Spur/04_spur_09.xml,spur,04_spur_09,test
04_spur_10,data/raw/PCB_DATASET/images/Spur/04_spur_10.jpg,data/raw/PCB_DATASET/PCB_USED/04.JPG,data/raw/PCB_DATASET/Annotations/Spur/04_spur_10.xml,spur,04_spur_10,test
04_spur_11,data/raw/PCB_DATASET/images/Spur/04_spur_11.jpg,data/raw/PCB_DATASET/PCB_USED/04.JPG,data/raw/PCB_DATASET/Annotations/Spur/04_spur_11.xml,spur,04_spur_11,validation
04_spur_12,data/raw/PCB_DATASET/images/Spur/04_spur_12.jpg,data/raw/PCB_DATASET/PCB_USED/04.JPG,data/raw/PCB_DATASET/Annotations/Spur/04_spur_12.xml,spur,04_spur_12,validation
04_spur_13,data/raw/PCB_DATASET/images/Spur/04_spur_13.jpg,data/raw/PCB_DATASET/PCB_USED/04.JPG,data/raw/PCB_DATASET/Annotations/Spur/04_spur_13.xml,spur,04_spur_13,development
04_spur_14,data/raw/PCB_DATASET/images/Spur/04_spur_14.jpg,data/raw/PCB_DATASET/PCB_USED/04.JPG,data/raw/PCB_DATASET/Annotations/Spur/04_spur_14.xml,spur,04_spur_14,validation
04_spur_15,data/raw/PCB_DATASET/images/Spur/04_spur_15.jpg,data/raw/PCB_DATASET/PCB_USED/04.JPG,data/raw/PCB_DATASET/Annotations/Spur/04_spur_15.xml,spur,04_spur_15,validation
04_spur_16,data/raw/PCB_DATASET/images/Spur/04_spur_16.jpg,data/raw/PCB_DATASET/PCB_USED/04.JPG,data/raw/PCB_DATASET/Annotations/Spur/04_spur_16.xml,spur,04_spur_16,test
04_spur_17,data/raw/PCB_DATASET/images/Spur/04_spur_17.jpg,data/raw/PCB_DATASET/PCB_USED/04.JPG,data/raw/PCB_DATASET/Annotations/Spur/04_spur_17.xml,spur,04_spur_17,validation
04_spur_18,data/raw/PCB_DATASET/images/Spur/04_spur_18.jpg,data/raw/PCB_DATASET/PCB_USED/04.JPG,data/raw/PCB_DATASET/Annotations/Spur/04_spur_18.xml,spur,04_spur_18,test
04_spur_19,data/raw/PCB_DATASET/images/Spur/04_spur_19.jpg,data/raw/PCB_DATASET/PCB_USED/04.JPG,data/raw/PCB_DATASET/Annotations/Spur/04_spur_19.xml,spur,04_spur_19,development
04_spur_20,data/raw/PCB_DATASET/images/Spur/04_spur_20.jpg,data/raw/PCB_DATASET/PCB_USED/04.JPG,data/raw/PCB_DATASET/Annotations/Spur/04_spur_20.xml,spur,04_spur_20,test
04_spurious_copper_01,data/raw/PCB_DATASET/images/Spurious_copper/04_spurious_copper_01.jpg,data/raw/PCB_DATASET/PCB_USED/04.JPG,data/raw/PCB_DATASET/Annotations/Spurious_copper/04_spurious_copper_01.xml,spurious_copper,04_spurious_copper_01,validation
04_spurious_copper_02,data/raw/PCB_DATASET/images/Spurious_copper/04_spurious_copper_02.jpg,data/raw/PCB_DATASET/PCB_USED/04.JPG,data/raw/PCB_DATASET/Annotations/Spurious_copper/04_spurious_copper_02.xml,spurious_copper,04_spurious_copper_02,test
04_spurious_copper_03,data/raw/PCB_DATASET/images/Spurious_copper/04_spurious_copper_03.jpg,data/raw/PCB_DATASET/PCB_USED/04.JPG,data/raw/PCB_DATASET/Annotations/Spurious_copper/04_spurious_copper_03.xml,spurious_copper,04_spurious_copper_03,test
04_spurious_copper_04,data/raw/PCB_DATASET/images/Spurious_copper/04_spurious_copper_04.jpg,data/raw/PCB_DATASET/PCB_USED/04.JPG,data/raw/PCB_DATASET/Annotations/Spurious_copper/04_spurious_copper_04.xml,spurious_copper,04_spurious_copper_04,development
04_spurious_copper_05,data/raw/PCB_DATASET/images/Spurious_copper/04_spurious_copper_05.jpg,data/raw/PCB_DATASET/PCB_USED/04.JPG,data/raw/PCB_DATASET/Annotations/Spurious_copper/04_spurious_copper_05.xml,spurious_copper,04_spurious_copper_05,development
04_spurious_copper_06,data/raw/PCB_DATASET/images/Spurious_copper/04_spurious_copper_06.jpg,data/raw/PCB_DATASET/PCB_USED/04.JPG,data/raw/PCB_DATASET/Annotations/Spurious_copper/04_spurious_copper_06.xml,spurious_copper,04_spurious_copper_06,test
04_spurious_copper_07,data/raw/PCB_DATASET/images/Spurious_copper/04_spurious_copper_07.jpg,data/raw/PCB_DATASET/PCB_USED/04.JPG,data/raw/PCB_DATASET/Annotations/Spurious_copper/04_spurious_copper_07.xml,spurious_copper,04_spurious_copper_07,test
04_spurious_copper_08,data/raw/PCB_DATASET/images/Spurious_copper/04_spurious_copper_08.jpg,data/raw/PCB_DATASET/PCB_USED/04.JPG,data/raw/PCB_DATASET/Annotations/Spurious_copper/04_spurious_copper_08.xml,spurious_copper,04_spurious_copper_08,development
04_spurious_copper_09,data/raw/PCB_DATASET/images/Spurious_copper/04_spurious_copper_09.jpg,data/raw/PCB_DATASET/PCB_USED/04.JPG,data/raw/PCB_DATASET/Annotations/Spurious_copper/04_spurious_copper_09.xml,spurious_copper,04_spurious_copper_09,development
04_spurious_copper_10,data/raw/PCB_DATASET/images/Spurious_copper/04_spurious_copper_10.jpg,data/raw/PCB_DATASET/PCB_USED/04.JPG,data/raw/PCB_DATASET/Annotations/Spurious_copper/04_spurious_copper_10.xml,spurious_copper,04_spurious_copper_10,test
04_spurious_copper_11,data/raw/PCB_DATASET/images/Spurious_copper/04_spurious_copper_11.jpg,data/raw/PCB_DATASET/PCB_USED/04.JPG,data/raw/PCB_DATASET/Annotations/Spurious_copper/04_spurious_copper_11.xml,spurious_copper,04_spurious_copper_11,test
04_spurious_copper_12,data/raw/PCB_DATASET/images/Spurious_copper/04_spurious_copper_12.jpg,data/raw/PCB_DATASET/PCB_USED/04.JPG,data/raw/PCB_DATASET/Annotations/Spurious_copper/04_spurious_copper_12.xml,spurious_copper,04_spurious_copper_12,development
04_spurious_copper_13,data/raw/PCB_DATASET/images/Spurious_copper/04_spurious_copper_13.jpg,data/raw/PCB_DATASET/PCB_USED/04.JPG,data/raw/PCB_DATASET/Annotations/Spurious_copper/04_spurious_copper_13.xml,spurious_copper,04_spurious_copper_13,test
04_spurious_copper_14,data/raw/PCB_DATASET/images/Spurious_copper/04_spurious_copper_14.jpg,data/raw/PCB_DATASET/PCB_USED/04.JPG,data/raw/PCB_DATASET/Annotations/Spurious_copper/04_spurious_copper_14.xml,spurious_copper,04_spurious_copper_14,test
04_spurious_copper_15,data/raw/PCB_DATASET/images/Spurious_copper/04_spurious_copper_15.jpg,data/raw/PCB_DATASET/PCB_USED/04.JPG,data/raw/PCB_DATASET/Annotations/Spurious_copper/04_spurious_copper_15.xml,spurious_copper,04_spurious_copper_15,validation
04_spurious_copper_16,data/raw/PCB_DATASET/images/Spurious_copper/04_spurious_copper_16.jpg,data/raw/PCB_DATASET/PCB_USED/04.JPG,data/raw/PCB_DATASET/Annotations/Spurious_copper/04_spurious_copper_16.xml,spurious_copper,04_spurious_copper_16,validation
04_spurious_copper_17,data/raw/PCB_DATASET/images/Spurious_copper/04_spurious_copper_17.jpg,data/raw/PCB_DATASET/PCB_USED/04.JPG,data/raw/PCB_DATASET/Annotations/Spurious_copper/04_spurious_copper_17.xml,spurious_copper,04_spurious_copper_17,validation
04_spurious_copper_18,data/raw/PCB_DATASET/images/Spurious_copper/04_spurious_copper_18.jpg,data/raw/PCB_DATASET/PCB_USED/04.JPG,data/raw/PCB_DATASET/Annotations/Spurious_copper/04_spurious_copper_18.xml,spurious_copper,04_spurious_copper_18,validation
04_spurious_copper_19,data/raw/PCB_DATASET/images/Spurious_copper/04_spurious_copper_19.jpg,data/raw/PCB_DATASET/PCB_USED/04.JPG,data/raw/PCB_DATASET/Annotations/Spurious_copper/04_spurious_copper_19.xml,spurious_copper,04_spurious_copper_19,test
04_spurious_copper_20,data/raw/PCB_DATASET/images/Spurious_copper/04_spurious_copper_20.jpg,data/raw/PCB_DATASET/PCB_USED/04.JPG,data/raw/PCB_DATASET/Annotations/Spurious_copper/04_spurious_copper_20.xml,spurious_copper,04_spurious_copper_20,development
05_missing_hole_01,data/raw/PCB_DATASET/images/Missing_hole/05_missing_hole_01.jpg,data/raw/PCB_DATASET/PCB_USED/05.JPG,data/raw/PCB_DATASET/Annotations/Missing_hole/05_missing_hole_01.xml,missing_hole,05_missing_hole_01,test
05_missing_hole_02,data/raw/PCB_DATASET/images/Missing_hole/05_missing_hole_02.jpg,data/raw/PCB_DATASET/PCB_USED/05.JPG,data/raw/PCB_DATASET/Annotations/Missing_hole/05_missing_hole_02.xml,missing_hole,05_missing_hole_02,validation
05_missing_hole_03,data/raw/PCB_DATASET/images/Missing_hole/05_missing_hole_03.jpg,data/raw/PCB_DATASET/PCB_USED/05.JPG,data/raw/PCB_DATASET/Annotations/Missing_hole/05_missing_hole_03.xml,missing_hole,05_missing_hole_03,test
05_missing_hole_04,data/raw/PCB_DATASET/images/Missing_hole/05_missing_hole_04.jpg,data/raw/PCB_DATASET/PCB_USED/05.JPG,data/raw/PCB_DATASET/Annotations/Missing_hole/05_missing_hole_04.xml,missing_hole,05_missing_hole_04,test
05_missing_hole_05,data/raw/PCB_DATASET/images/Missing_hole/05_missing_hole_05.jpg,data/raw/PCB_DATASET/PCB_USED/05.JPG,data/raw/PCB_DATASET/Annotations/Missing_hole/05_missing_hole_05.xml,missing_hole,05_missing_hole_05,test
05_missing_hole_06,data/raw/PCB_DATASET/images/Missing_hole/05_missing_hole_06.jpg,data/raw/PCB_DATASET/PCB_USED/05.JPG,data/raw/PCB_DATASET/Annotations/Missing_hole/05_missing_hole_06.xml,missing_hole,05_missing_hole_06,test
05_missing_hole_07,data/raw/PCB_DATASET/images/Missing_hole/05_missing_hole_07.jpg,data/raw/PCB_DATASET/PCB_USED/05.JPG,data/raw/PCB_DATASET/Annotations/Missing_hole/05_missing_hole_07.xml,missing_hole,05_missing_hole_07,development
05_missing_hole_08,data/raw/PCB_DATASET/images/Missing_hole/05_missing_hole_08.jpg,data/raw/PCB_DATASET/PCB_USED/05.JPG,data/raw/PCB_DATASET/Annotations/Missing_hole/05_missing_hole_08.xml,missing_hole,05_missing_hole_08,validation
05_missing_hole_09,data/raw/PCB_DATASET/images/Missing_hole/05_missing_hole_09.jpg,data/raw/PCB_DATASET/PCB_USED/05.JPG,data/raw/PCB_DATASET/Annotations/Missing_hole/05_missing_hole_09.xml,missing_hole,05_missing_hole_09,test
05_missing_hole_10,data/raw/PCB_DATASET/images/Missing_hole/05_missing_hole_10.jpg,data/raw/PCB_DATASET/PCB_USED/05.JPG,data/raw/PCB_DATASET/Annotations/Missing_hole/05_missing_hole_10.xml,missing_hole,05_missing_hole_10,development
05_mouse_bite_01,data/raw/PCB_DATASET/images/Mouse_bite/05_mouse_bite_01.jpg,data/raw/PCB_DATASET/PCB_USED/05.JPG,data/raw/PCB_DATASET/Annotations/Mouse_bite/05_mouse_bite_01.xml,mouse_bite,05_mouse_bite_01,development
05_mouse_bite_02,data/raw/PCB_DATASET/images/Mouse_bite/05_mouse_bite_02.jpg,data/raw/PCB_DATASET/PCB_USED/05.JPG,data/raw/PCB_DATASET/Annotations/Mouse_bite/05_mouse_bite_02.xml,mouse_bite,05_mouse_bite_02,test
05_mouse_bite_03,data/raw/PCB_DATASET/images/Mouse_bite/05_mouse_bite_03.jpg,data/raw/PCB_DATASET/PCB_USED/05.JPG,data/raw/PCB_DATASET/Annotations/Mouse_bite/05_mouse_bite_03.xml,mouse_bite,05_mouse_bite_03,validation
05_mouse_bite_04,data/raw/PCB_DATASET/images/Mouse_bite/05_mouse_bite_04.jpg,data/raw/PCB_DATASET/PCB_USED/05.JPG,data/raw/PCB_DATASET/Annotations/Mouse_bite/05_mouse_bite_04.xml,mouse_bite,05_mouse_bite_04,test
05_mouse_bite_05,data/raw/PCB_DATASET/images/Mouse_bite/05_mouse_bite_05.jpg,data/raw/PCB_DATASET/PCB_USED/05.JPG,data/raw/PCB_DATASET/Annotations/Mouse_bite/05_mouse_bite_05.xml,mouse_bite,05_mouse_bite_05,validation
05_mouse_bite_06,data/raw/PCB_DATASET/images/Mouse_bite/05_mouse_bite_06.jpg,data/raw/PCB_DATASET/PCB_USED/05.JPG,data/raw/PCB_DATASET/Annotations/Mouse_bite/05_mouse_bite_06.xml,mouse_bite,05_mouse_bite_06,development
05_mouse_bite_07,data/raw/PCB_DATASET/images/Mouse_bite/05_mouse_bite_07.jpg,data/raw/PCB_DATASET/PCB_USED/05.JPG,data/raw/PCB_DATASET/Annotations/Mouse_bite/05_mouse_bite_07.xml,mouse_bite,05_mouse_bite_07,test
05_mouse_bite_08,data/raw/PCB_DATASET/images/Mouse_bite/05_mouse_bite_08.jpg,data/raw/PCB_DATASET/PCB_USED/05.JPG,data/raw/PCB_DATASET/Annotations/Mouse_bite/05_mouse_bite_08.xml,mouse_bite,05_mouse_bite_08,test
05_mouse_bite_09,data/raw/PCB_DATASET/images/Mouse_bite/05_mouse_bite_09.jpg,data/raw/PCB_DATASET/PCB_USED/05.JPG,data/raw/PCB_DATASET/Annotations/Mouse_bite/05_mouse_bite_09.xml,mouse_bite,05_mouse_bite_09,test
05_mouse_bite_10,data/raw/PCB_DATASET/images/Mouse_bite/05_mouse_bite_10.jpg,data/raw/PCB_DATASET/PCB_USED/05.JPG,data/raw/PCB_DATASET/Annotations/Mouse_bite/05_mouse_bite_10.xml,mouse_bite,05_mouse_bite_10,test
05_open_circuit_01,data/raw/PCB_DATASET/images/Open_circuit/05_open_circuit_01.jpg,data/raw/PCB_DATASET/PCB_USED/05.JPG,data/raw/PCB_DATASET/Annotations/Open_circuit/05_open_circuit_01.xml,open_circuit,05_open_circuit_01,test
05_open_circuit_02,data/raw/PCB_DATASET/images/Open_circuit/05_open_circuit_02.jpg,data/raw/PCB_DATASET/PCB_USED/05.JPG,data/raw/PCB_DATASET/Annotations/Open_circuit/05_open_circuit_02.xml,open_circuit,05_open_circuit_02,test
05_open_circuit_03,data/raw/PCB_DATASET/images/Open_circuit/05_open_circuit_03.jpg,data/raw/PCB_DATASET/PCB_USED/05.JPG,data/raw/PCB_DATASET/Annotations/Open_circuit/05_open_circuit_03.xml,open_circuit,05_open_circuit_03,validation
05_open_circuit_04,data/raw/PCB_DATASET/images/Open_circuit/05_open_circuit_04.jpg,data/raw/PCB_DATASET/PCB_USED/05.JPG,data/raw/PCB_DATASET/Annotations/Open_circuit/05_open_circuit_04.xml,open_circuit,05_open_circuit_04,test
05_open_circuit_05,data/raw/PCB_DATASET/images/Open_circuit/05_open_circuit_05.jpg,data/raw/PCB_DATASET/PCB_USED/05.JPG,data/raw/PCB_DATASET/Annotations/Open_circuit/05_open_circuit_05.xml,open_circuit,05_open_circuit_05,test
05_open_circuit_06,data/raw/PCB_DATASET/images/Open_circuit/05_open_circuit_06.jpg,data/raw/PCB_DATASET/PCB_USED/05.JPG,data/raw/PCB_DATASET/Annotations/Open_circuit/05_open_circuit_06.xml,open_circuit,05_open_circuit_06,test
05_open_circuit_07,data/raw/PCB_DATASET/images/Open_circuit/05_open_circuit_07.jpg,data/raw/PCB_DATASET/PCB_USED/05.JPG,data/raw/PCB_DATASET/Annotations/Open_circuit/05_open_circuit_07.xml,open_circuit,05_open_circuit_07,development
05_open_circuit_08,data/raw/PCB_DATASET/images/Open_circuit/05_open_circuit_08.jpg,data/raw/PCB_DATASET/PCB_USED/05.JPG,data/raw/PCB_DATASET/Annotations/Open_circuit/05_open_circuit_08.xml,open_circuit,05_open_circuit_08,test
05_open_circuit_09,data/raw/PCB_DATASET/images/Open_circuit/05_open_circuit_09.jpg,data/raw/PCB_DATASET/PCB_USED/05.JPG,data/raw/PCB_DATASET/Annotations/Open_circuit/05_open_circuit_09.xml,open_circuit,05_open_circuit_09,test
05_open_circuit_10,data/raw/PCB_DATASET/images/Open_circuit/05_open_circuit_10.jpg,data/raw/PCB_DATASET/PCB_USED/05.JPG,data/raw/PCB_DATASET/Annotations/Open_circuit/05_open_circuit_10.xml,open_circuit,05_open_circuit_10,test
05_short_01,data/raw/PCB_DATASET/images/Short/05_short_01.jpg,data/raw/PCB_DATASET/PCB_USED/05.JPG,data/raw/PCB_DATASET/Annotations/Short/05_short_01.xml,short_circuit,05_short_01,test
05_short_02,data/raw/PCB_DATASET/images/Short/05_short_02.jpg,data/raw/PCB_DATASET/PCB_USED/05.JPG,data/raw/PCB_DATASET/Annotations/Short/05_short_02.xml,short_circuit,05_short_02,test
05_short_03,data/raw/PCB_DATASET/images/Short/05_short_03.jpg,data/raw/PCB_DATASET/PCB_USED/05.JPG,data/raw/PCB_DATASET/Annotations/Short/05_short_03.xml,short_circuit,05_short_03,test
05_short_04,data/raw/PCB_DATASET/images/Short/05_short_04.jpg,data/raw/PCB_DATASET/PCB_USED/05.JPG,data/raw/PCB_DATASET/Annotations/Short/05_short_04.xml,short_circuit,05_short_04,test
05_short_05,data/raw/PCB_DATASET/images/Short/05_short_05.jpg,data/raw/PCB_DATASET/PCB_USED/05.JPG,data/raw/PCB_DATASET/Annotations/Short/05_short_05.xml,short_circuit,05_short_05,test
05_short_06,data/raw/PCB_DATASET/images/Short/05_short_06.jpg,data/raw/PCB_DATASET/PCB_USED/05.JPG,data/raw/PCB_DATASET/Annotations/Short/05_short_06.xml,short_circuit,05_short_06,test
05_short_07,data/raw/PCB_DATASET/images/Short/05_short_07.jpg,data/raw/PCB_DATASET/PCB_USED/05.JPG,data/raw/PCB_DATASET/Annotations/Short/05_short_07.xml,short_circuit,05_short_07,validation
05_short_08,data/raw/PCB_DATASET/images/Short/05_short_08.jpg,data/raw/PCB_DATASET/PCB_USED/05.JPG,data/raw/PCB_DATASET/Annotations/Short/05_short_08.xml,short_circuit,05_short_08,test
05_short_09,data/raw/PCB_DATASET/images/Short/05_short_09.jpg,data/raw/PCB_DATASET/PCB_USED/05.JPG,data/raw/PCB_DATASET/Annotations/Short/05_short_09.xml,short_circuit,05_short_09,development
05_short_10,data/raw/PCB_DATASET/images/Short/05_short_10.jpg,data/raw/PCB_DATASET/PCB_USED/05.JPG,data/raw/PCB_DATASET/Annotations/Short/05_short_10.xml,short_circuit,05_short_10,test
05_spur_01,data/raw/PCB_DATASET/images/Spur/05_spur_01.jpg,data/raw/PCB_DATASET/PCB_USED/05.JPG,data/raw/PCB_DATASET/Annotations/Spur/05_spur_01.xml,spur,05_spur_01,test
05_spur_02,data/raw/PCB_DATASET/images/Spur/05_spur_02.jpg,data/raw/PCB_DATASET/PCB_USED/05.JPG,data/raw/PCB_DATASET/Annotations/Spur/05_spur_02.xml,spur,05_spur_02,development
05_spur_03,data/raw/PCB_DATASET/images/Spur/05_spur_03.jpg,data/raw/PCB_DATASET/PCB_USED/05.JPG,data/raw/PCB_DATASET/Annotations/Spur/05_spur_03.xml,spur,05_spur_03,test
05_spur_04,data/raw/PCB_DATASET/images/Spur/05_spur_04.jpg,data/raw/PCB_DATASET/PCB_USED/05.JPG,data/raw/PCB_DATASET/Annotations/Spur/05_spur_04.xml,spur,05_spur_04,test
05_spur_05,data/raw/PCB_DATASET/images/Spur/05_spur_05.jpg,data/raw/PCB_DATASET/PCB_USED/05.JPG,data/raw/PCB_DATASET/Annotations/Spur/05_spur_05.xml,spur,05_spur_05,validation
05_spur_06,data/raw/PCB_DATASET/images/Spur/05_spur_06.jpg,data/raw/PCB_DATASET/PCB_USED/05.JPG,data/raw/PCB_DATASET/Annotations/Spur/05_spur_06.xml,spur,05_spur_06,test
05_spur_07,data/raw/PCB_DATASET/images/Spur/05_spur_07.jpg,data/raw/PCB_DATASET/PCB_USED/05.JPG,data/raw/PCB_DATASET/Annotations/Spur/05_spur_07.xml,spur,05_spur_07,test
05_spur_08,data/raw/PCB_DATASET/images/Spur/05_spur_08.jpg,data/raw/PCB_DATASET/PCB_USED/05.JPG,data/raw/PCB_DATASET/Annotations/Spur/05_spur_08.xml,spur,05_spur_08,validation
05_spur_09,data/raw/PCB_DATASET/images/Spur/05_spur_09.jpg,data/raw/PCB_DATASET/PCB_USED/05.JPG,data/raw/PCB_DATASET/Annotations/Spur/05_spur_09.xml,spur,05_spur_09,development
05_spur_10,data/raw/PCB_DATASET/images/Spur/05_spur_10.jpg,data/raw/PCB_DATASET/PCB_USED/05.JPG,data/raw/PCB_DATASET/Annotations/Spur/05_spur_10.xml,spur,05_spur_10,test
05_spurious_copper_01,data/raw/PCB_DATASET/images/Spurious_copper/05_spurious_copper_01.jpg,data/raw/PCB_DATASET/PCB_USED/05.JPG,data/raw/PCB_DATASET/Annotations/Spurious_copper/05_spurious_copper_01.xml,spurious_copper,05_spurious_copper_01,test
05_spurious_copper_02,data/raw/PCB_DATASET/images/Spurious_copper/05_spurious_copper_02.jpg,data/raw/PCB_DATASET/PCB_USED/05.JPG,data/raw/PCB_DATASET/Annotations/Spurious_copper/05_spurious_copper_02.xml,spurious_copper,05_spurious_copper_02,test
05_spurious_copper_03,data/raw/PCB_DATASET/images/Spurious_copper/05_spurious_copper_03.jpg,data/raw/PCB_DATASET/PCB_USED/05.JPG,data/raw/PCB_DATASET/Annotations/Spurious_copper/05_spurious_copper_03.xml,spurious_copper,05_spurious_copper_03,test
05_spurious_copper_04,data/raw/PCB_DATASET/images/Spurious_copper/05_spurious_copper_04.jpg,data/raw/PCB_DATASET/PCB_USED/05.JPG,data/raw/PCB_DATASET/Annotations/Spurious_copper/05_spurious_copper_04.xml,spurious_copper,05_spurious_copper_04,test
05_spurious_copper_05,data/raw/PCB_DATASET/images/Spurious_copper/05_spurious_copper_05.jpg,data/raw/PCB_DATASET/PCB_USED/05.JPG,data/raw/PCB_DATASET/Annotations/Spurious_copper/05_spurious_copper_05.xml,spurious_copper,05_spurious_copper_05,test
05_spurious_copper_06,data/raw/PCB_DATASET/images/Spurious_copper/05_spurious_copper_06.jpg,data/raw/PCB_DATASET/PCB_USED/05.JPG,data/raw/PCB_DATASET/Annotations/Spurious_copper/05_spurious_copper_06.xml,spurious_copper,05_spurious_copper_06,test
05_spurious_copper_07,data/raw/PCB_DATASET/images/Spurious_copper/05_spurious_copper_07.jpg,data/raw/PCB_DATASET/PCB_USED/05.JPG,data/raw/PCB_DATASET/Annotations/Spurious_copper/05_spurious_copper_07.xml,spurious_copper,05_spurious_copper_07,test
05_spurious_copper_08,data/raw/PCB_DATASET/images/Spurious_copper/05_spurious_copper_08.jpg,data/raw/PCB_DATASET/PCB_USED/05.JPG,data/raw/PCB_DATASET/Annotations/Spurious_copper/05_spurious_copper_08.xml,spurious_copper,05_spurious_copper_08,test
05_spurious_copper_09,data/raw/PCB_DATASET/images/Spurious_copper/05_spurious_copper_09.jpg,data/raw/PCB_DATASET/PCB_USED/05.JPG,data/raw/PCB_DATASET/Annotations/Spurious_copper/05_spurious_copper_09.xml,spurious_copper,05_spurious_copper_09,validation
05_spurious_copper_10,data/raw/PCB_DATASET/images/Spurious_copper/05_spurious_copper_10.jpg,data/raw/PCB_DATASET/PCB_USED/05.JPG,data/raw/PCB_DATASET/Annotations/Spurious_copper/05_spurious_copper_10.xml,spurious_copper,05_spurious_copper_10,test
06_missing_hole_01,data/raw/PCB_DATASET/images/Missing_hole/06_missing_hole_01.jpg,data/raw/PCB_DATASET/PCB_USED/06.JPG,data/raw/PCB_DATASET/Annotations/Missing_hole/06_missing_hole_01.xml,missing_hole,06_missing_hole_01,validation
06_missing_hole_02,data/raw/PCB_DATASET/images/Missing_hole/06_missing_hole_02.jpg,data/raw/PCB_DATASET/PCB_USED/06.JPG,data/raw/PCB_DATASET/Annotations/Missing_hole/06_missing_hole_02.xml,missing_hole,06_missing_hole_02,validation
06_missing_hole_03,data/raw/PCB_DATASET/images/Missing_hole/06_missing_hole_03.jpg,data/raw/PCB_DATASET/PCB_USED/06.JPG,data/raw/PCB_DATASET/Annotations/Missing_hole/06_missing_hole_03.xml,missing_hole,06_missing_hole_03,validation
06_missing_hole_04,data/raw/PCB_DATASET/images/Missing_hole/06_missing_hole_04.jpg,data/raw/PCB_DATASET/PCB_USED/06.JPG,data/raw/PCB_DATASET/Annotations/Missing_hole/06_missing_hole_04.xml,missing_hole,06_missing_hole_04,test
06_missing_hole_05,data/raw/PCB_DATASET/images/Missing_hole/06_missing_hole_05.jpg,data/raw/PCB_DATASET/PCB_USED/06.JPG,data/raw/PCB_DATASET/Annotations/Missing_hole/06_missing_hole_05.xml,missing_hole,06_missing_hole_05,test
06_missing_hole_06,data/raw/PCB_DATASET/images/Missing_hole/06_missing_hole_06.jpg,data/raw/PCB_DATASET/PCB_USED/06.JPG,data/raw/PCB_DATASET/Annotations/Missing_hole/06_missing_hole_06.xml,missing_hole,06_missing_hole_06,test
06_missing_hole_07,data/raw/PCB_DATASET/images/Missing_hole/06_missing_hole_07.jpg,data/raw/PCB_DATASET/PCB_USED/06.JPG,data/raw/PCB_DATASET/Annotations/Missing_hole/06_missing_hole_07.xml,missing_hole,06_missing_hole_07,test
06_missing_hole_08,data/raw/PCB_DATASET/images/Missing_hole/06_missing_hole_08.jpg,data/raw/PCB_DATASET/PCB_USED/06.JPG,data/raw/PCB_DATASET/Annotations/Missing_hole/06_missing_hole_08.xml,missing_hole,06_missing_hole_08,test
06_missing_hole_09,data/raw/PCB_DATASET/images/Missing_hole/06_missing_hole_09.jpg,data/raw/PCB_DATASET/PCB_USED/06.JPG,data/raw/PCB_DATASET/Annotations/Missing_hole/06_missing_hole_09.xml,missing_hole,06_missing_hole_09,test
06_missing_hole_10,data/raw/PCB_DATASET/images/Missing_hole/06_missing_hole_10.jpg,data/raw/PCB_DATASET/PCB_USED/06.JPG,data/raw/PCB_DATASET/Annotations/Missing_hole/06_missing_hole_10.xml,missing_hole,06_missing_hole_10,validation
06_mouse_bite_01,data/raw/PCB_DATASET/images/Mouse_bite/06_mouse_bite_01.jpg,data/raw/PCB_DATASET/PCB_USED/06.JPG,data/raw/PCB_DATASET/Annotations/Mouse_bite/06_mouse_bite_01.xml,mouse_bite,06_mouse_bite_01,test
06_mouse_bite_02,data/raw/PCB_DATASET/images/Mouse_bite/06_mouse_bite_02.jpg,data/raw/PCB_DATASET/PCB_USED/06.JPG,data/raw/PCB_DATASET/Annotations/Mouse_bite/06_mouse_bite_02.xml,mouse_bite,06_mouse_bite_02,development
06_mouse_bite_03,data/raw/PCB_DATASET/images/Mouse_bite/06_mouse_bite_03.jpg,data/raw/PCB_DATASET/PCB_USED/06.JPG,data/raw/PCB_DATASET/Annotations/Mouse_bite/06_mouse_bite_03.xml,mouse_bite,06_mouse_bite_03,test
06_mouse_bite_04,data/raw/PCB_DATASET/images/Mouse_bite/06_mouse_bite_04.jpg,data/raw/PCB_DATASET/PCB_USED/06.JPG,data/raw/PCB_DATASET/Annotations/Mouse_bite/06_mouse_bite_04.xml,mouse_bite,06_mouse_bite_04,development
06_mouse_bite_05,data/raw/PCB_DATASET/images/Mouse_bite/06_mouse_bite_05.jpg,data/raw/PCB_DATASET/PCB_USED/06.JPG,data/raw/PCB_DATASET/Annotations/Mouse_bite/06_mouse_bite_05.xml,mouse_bite,06_mouse_bite_05,test
06_mouse_bite_06,data/raw/PCB_DATASET/images/Mouse_bite/06_mouse_bite_06.jpg,data/raw/PCB_DATASET/PCB_USED/06.JPG,data/raw/PCB_DATASET/Annotations/Mouse_bite/06_mouse_bite_06.xml,mouse_bite,06_mouse_bite_06,test
06_mouse_bite_07,data/raw/PCB_DATASET/images/Mouse_bite/06_mouse_bite_07.jpg,data/raw/PCB_DATASET/PCB_USED/06.JPG,data/raw/PCB_DATASET/Annotations/Mouse_bite/06_mouse_bite_07.xml,mouse_bite,06_mouse_bite_07,validation
06_mouse_bite_08,data/raw/PCB_DATASET/images/Mouse_bite/06_mouse_bite_08.jpg,data/raw/PCB_DATASET/PCB_USED/06.JPG,data/raw/PCB_DATASET/Annotations/Mouse_bite/06_mouse_bite_08.xml,mouse_bite,06_mouse_bite_08,validation
06_mouse_bite_09,data/raw/PCB_DATASET/images/Mouse_bite/06_mouse_bite_09.jpg,data/raw/PCB_DATASET/PCB_USED/06.JPG,data/raw/PCB_DATASET/Annotations/Mouse_bite/06_mouse_bite_09.xml,mouse_bite,06_mouse_bite_09,test
06_mouse_bite_10,data/raw/PCB_DATASET/images/Mouse_bite/06_mouse_bite_10.jpg,data/raw/PCB_DATASET/PCB_USED/06.JPG,data/raw/PCB_DATASET/Annotations/Mouse_bite/06_mouse_bite_10.xml,mouse_bite,06_mouse_bite_10,test
06_open_circuit_01,data/raw/PCB_DATASET/images/Open_circuit/06_open_circuit_01.jpg,data/raw/PCB_DATASET/PCB_USED/06.JPG,data/raw/PCB_DATASET/Annotations/Open_circuit/06_open_circuit_01.xml,open_circuit,06_open_circuit_01,development
06_open_circuit_02,data/raw/PCB_DATASET/images/Open_circuit/06_open_circuit_02.jpg,data/raw/PCB_DATASET/PCB_USED/06.JPG,data/raw/PCB_DATASET/Annotations/Open_circuit/06_open_circuit_02.xml,open_circuit,06_open_circuit_02,test
06_open_circuit_03,data/raw/PCB_DATASET/images/Open_circuit/06_open_circuit_03.jpg,data/raw/PCB_DATASET/PCB_USED/06.JPG,data/raw/PCB_DATASET/Annotations/Open_circuit/06_open_circuit_03.xml,open_circuit,06_open_circuit_03,test
06_open_circuit_04,data/raw/PCB_DATASET/images/Open_circuit/06_open_circuit_04.jpg,data/raw/PCB_DATASET/PCB_USED/06.JPG,data/raw/PCB_DATASET/Annotations/Open_circuit/06_open_circuit_04.xml,open_circuit,06_open_circuit_04,test
06_open_circuit_05,data/raw/PCB_DATASET/images/Open_circuit/06_open_circuit_05.jpg,data/raw/PCB_DATASET/PCB_USED/06.JPG,data/raw/PCB_DATASET/Annotations/Open_circuit/06_open_circuit_05.xml,open_circuit,06_open_circuit_05,development
06_open_circuit_06,data/raw/PCB_DATASET/images/Open_circuit/06_open_circuit_06.jpg,data/raw/PCB_DATASET/PCB_USED/06.JPG,data/raw/PCB_DATASET/Annotations/Open_circuit/06_open_circuit_06.xml,open_circuit,06_open_circuit_06,development
06_open_circuit_07,data/raw/PCB_DATASET/images/Open_circuit/06_open_circuit_07.jpg,data/raw/PCB_DATASET/PCB_USED/06.JPG,data/raw/PCB_DATASET/Annotations/Open_circuit/06_open_circuit_07.xml,open_circuit,06_open_circuit_07,validation
06_open_circuit_08,data/raw/PCB_DATASET/images/Open_circuit/06_open_circuit_08.jpg,data/raw/PCB_DATASET/PCB_USED/06.JPG,data/raw/PCB_DATASET/Annotations/Open_circuit/06_open_circuit_08.xml,open_circuit,06_open_circuit_08,test
06_open_circuit_09,data/raw/PCB_DATASET/images/Open_circuit/06_open_circuit_09.jpg,data/raw/PCB_DATASET/PCB_USED/06.JPG,data/raw/PCB_DATASET/Annotations/Open_circuit/06_open_circuit_09.xml,open_circuit,06_open_circuit_09,test
06_open_circuit_10,data/raw/PCB_DATASET/images/Open_circuit/06_open_circuit_10.jpg,data/raw/PCB_DATASET/PCB_USED/06.JPG,data/raw/PCB_DATASET/Annotations/Open_circuit/06_open_circuit_10.xml,open_circuit,06_open_circuit_10,development
06_short_01,data/raw/PCB_DATASET/images/Short/06_short_01.jpg,data/raw/PCB_DATASET/PCB_USED/06.JPG,data/raw/PCB_DATASET/Annotations/Short/06_short_01.xml,short_circuit,06_short_01,test
06_short_02,data/raw/PCB_DATASET/images/Short/06_short_02.jpg,data/raw/PCB_DATASET/PCB_USED/06.JPG,data/raw/PCB_DATASET/Annotations/Short/06_short_02.xml,short_circuit,06_short_02,test
06_short_03,data/raw/PCB_DATASET/images/Short/06_short_03.jpg,data/raw/PCB_DATASET/PCB_USED/06.JPG,data/raw/PCB_DATASET/Annotations/Short/06_short_03.xml,short_circuit,06_short_03,test
06_short_04,data/raw/PCB_DATASET/images/Short/06_short_04.jpg,data/raw/PCB_DATASET/PCB_USED/06.JPG,data/raw/PCB_DATASET/Annotations/Short/06_short_04.xml,short_circuit,06_short_04,test
06_short_05,data/raw/PCB_DATASET/images/Short/06_short_05.jpg,data/raw/PCB_DATASET/PCB_USED/06.JPG,data/raw/PCB_DATASET/Annotations/Short/06_short_05.xml,short_circuit,06_short_05,test
06_short_06,data/raw/PCB_DATASET/images/Short/06_short_06.jpg,data/raw/PCB_DATASET/PCB_USED/06.JPG,data/raw/PCB_DATASET/Annotations/Short/06_short_06.xml,short_circuit,06_short_06,development
06_short_07,data/raw/PCB_DATASET/images/Short/06_short_07.jpg,data/raw/PCB_DATASET/PCB_USED/06.JPG,data/raw/PCB_DATASET/Annotations/Short/06_short_07.xml,short_circuit,06_short_07,validation
06_short_08,data/raw/PCB_DATASET/images/Short/06_short_08.jpg,data/raw/PCB_DATASET/PCB_USED/06.JPG,data/raw/PCB_DATASET/Annotations/Short/06_short_08.xml,short_circuit,06_short_08,development
06_short_09,data/raw/PCB_DATASET/images/Short/06_short_09.jpg,data/raw/PCB_DATASET/PCB_USED/06.JPG,data/raw/PCB_DATASET/Annotations/Short/06_short_09.xml,short_circuit,06_short_09,validation
06_short_10,data/raw/PCB_DATASET/images/Short/06_short_10.jpg,data/raw/PCB_DATASET/PCB_USED/06.JPG,data/raw/PCB_DATASET/Annotations/Short/06_short_10.xml,short_circuit,06_short_10,development
06_short_11,data/raw/PCB_DATASET/images/Short/06_short_11.jpg,data/raw/PCB_DATASET/PCB_USED/06.JPG,data/raw/PCB_DATASET/Annotations/Short/06_short_11.xml,short_circuit,06_short_11,validation
06_spur_01,data/raw/PCB_DATASET/images/Spur/06_spur_01.jpg,data/raw/PCB_DATASET/PCB_USED/06.JPG,data/raw/PCB_DATASET/Annotations/Spur/06_spur_01.xml,spur,06_spur_01,test
06_spur_02,data/raw/PCB_DATASET/images/Spur/06_spur_02.jpg,data/raw/PCB_DATASET/PCB_USED/06.JPG,data/raw/PCB_DATASET/Annotations/Spur/06_spur_02.xml,spur,06_spur_02,test
06_spur_03,data/raw/PCB_DATASET/images/Spur/06_spur_03.jpg,data/raw/PCB_DATASET/PCB_USED/06.JPG,data/raw/PCB_DATASET/Annotations/Spur/06_spur_03.xml,spur,06_spur_03,test
06_spur_04,data/raw/PCB_DATASET/images/Spur/06_spur_04.jpg,data/raw/PCB_DATASET/PCB_USED/06.JPG,data/raw/PCB_DATASET/Annotations/Spur/06_spur_04.xml,spur,06_spur_04,test
06_spur_05,data/raw/PCB_DATASET/images/Spur/06_spur_05.jpg,data/raw/PCB_DATASET/PCB_USED/06.JPG,data/raw/PCB_DATASET/Annotations/Spur/06_spur_05.xml,spur,06_spur_05,development
06_spur_06,data/raw/PCB_DATASET/images/Spur/06_spur_06.jpg,data/raw/PCB_DATASET/PCB_USED/06.JPG,data/raw/PCB_DATASET/Annotations/Spur/06_spur_06.xml,spur,06_spur_06,test
06_spur_07,data/raw/PCB_DATASET/images/Spur/06_spur_07.jpg,data/raw/PCB_DATASET/PCB_USED/06.JPG,data/raw/PCB_DATASET/Annotations/Spur/06_spur_07.xml,spur,06_spur_07,test
06_spur_08,data/raw/PCB_DATASET/images/Spur/06_spur_08.jpg,data/raw/PCB_DATASET/PCB_USED/06.JPG,data/raw/PCB_DATASET/Annotations/Spur/06_spur_08.xml,spur,06_spur_08,development
06_spur_09,data/raw/PCB_DATASET/images/Spur/06_spur_09.jpg,data/raw/PCB_DATASET/PCB_USED/06.JPG,data/raw/PCB_DATASET/Annotations/Spur/06_spur_09.xml,spur,06_spur_09,test
06_spur_10,data/raw/PCB_DATASET/images/Spur/06_spur_10.jpg,data/raw/PCB_DATASET/PCB_USED/06.JPG,data/raw/PCB_DATASET/Annotations/Spur/06_spur_10.xml,spur,06_spur_10,test
06_spurious_copper_01,data/raw/PCB_DATASET/images/Spurious_copper/06_spurious_copper_01.jpg,data/raw/PCB_DATASET/PCB_USED/06.JPG,data/raw/PCB_DATASET/Annotations/Spurious_copper/06_spurious_copper_01.xml,spurious_copper,06_spurious_copper_01,test
06_spurious_copper_02,data/raw/PCB_DATASET/images/Spurious_copper/06_spurious_copper_02.jpg,data/raw/PCB_DATASET/PCB_USED/06.JPG,data/raw/PCB_DATASET/Annotations/Spurious_copper/06_spurious_copper_02.xml,spurious_copper,06_spurious_copper_02,development
06_spurious_copper_03,data/raw/PCB_DATASET/images/Spurious_copper/06_spurious_copper_03.jpg,data/raw/PCB_DATASET/PCB_USED/06.JPG,data/raw/PCB_DATASET/Annotations/Spurious_copper/06_spurious_copper_03.xml,spurious_copper,06_spurious_copper_03,validation
06_spurious_copper_04,data/raw/PCB_DATASET/images/Spurious_copper/06_spurious_copper_04.jpg,data/raw/PCB_DATASET/PCB_USED/06.JPG,data/raw/PCB_DATASET/Annotations/Spurious_copper/06_spurious_copper_04.xml,spurious_copper,06_spurious_copper_04,test
06_spurious_copper_05,data/raw/PCB_DATASET/images/Spurious_copper/06_spurious_copper_05.jpg,data/raw/PCB_DATASET/PCB_USED/06.JPG,data/raw/PCB_DATASET/Annotations/Spurious_copper/06_spurious_copper_05.xml,spurious_copper,06_spurious_copper_05,test
06_spurious_copper_06,data/raw/PCB_DATASET/images/Spurious_copper/06_spurious_copper_06.jpg,data/raw/PCB_DATASET/PCB_USED/06.JPG,data/raw/PCB_DATASET/Annotations/Spurious_copper/06_spurious_copper_06.xml,spurious_copper,06_spurious_copper_06,test
06_spurious_copper_07,data/raw/PCB_DATASET/images/Spurious_copper/06_spurious_copper_07.jpg,data/raw/PCB_DATASET/PCB_USED/06.JPG,data/raw/PCB_DATASET/Annotations/Spurious_copper/06_spurious_copper_07.xml,spurious_copper,06_spurious_copper_07,test
06_spurious_copper_08,data/raw/PCB_DATASET/images/Spurious_copper/06_spurious_copper_08.jpg,data/raw/PCB_DATASET/PCB_USED/06.JPG,data/raw/PCB_DATASET/Annotations/Spurious_copper/06_spurious_copper_08.xml,spurious_copper,06_spurious_copper_08,validation
06_spurious_copper_09,data/raw/PCB_DATASET/images/Spurious_copper/06_spurious_copper_09.jpg,data/raw/PCB_DATASET/PCB_USED/06.JPG,data/raw/PCB_DATASET/Annotations/Spurious_copper/06_spurious_copper_09.xml,spurious_copper,06_spurious_copper_09,test
06_spurious_copper_10,data/raw/PCB_DATASET/images/Spurious_copper/06_spurious_copper_10.jpg,data/raw/PCB_DATASET/PCB_USED/06.JPG,data/raw/PCB_DATASET/Annotations/Spurious_copper/06_spurious_copper_10.xml,spurious_copper,06_spurious_copper_10,validation
07_missing_hole_01,data/raw/PCB_DATASET/images/Missing_hole/07_missing_hole_01.jpg,data/raw/PCB_DATASET/PCB_USED/07.JPG,data/raw/PCB_DATASET/Annotations/Missing_hole/07_missing_hole_01.xml,missing_hole,07_missing_hole_01,test
07_missing_hole_02,data/raw/PCB_DATASET/images/Missing_hole/07_missing_hole_02.jpg,data/raw/PCB_DATASET/PCB_USED/07.JPG,data/raw/PCB_DATASET/Annotations/Missing_hole/07_missing_hole_02.xml,missing_hole,07_missing_hole_02,development
07_missing_hole_03,data/raw/PCB_DATASET/images/Missing_hole/07_missing_hole_03.jpg,data/raw/PCB_DATASET/PCB_USED/07.JPG,data/raw/PCB_DATASET/Annotations/Missing_hole/07_missing_hole_03.xml,missing_hole,07_missing_hole_03,validation
07_missing_hole_04,data/raw/PCB_DATASET/images/Missing_hole/07_missing_hole_04.jpg,data/raw/PCB_DATASET/PCB_USED/07.JPG,data/raw/PCB_DATASET/Annotations/Missing_hole/07_missing_hole_04.xml,missing_hole,07_missing_hole_04,development
07_missing_hole_05,data/raw/PCB_DATASET/images/Missing_hole/07_missing_hole_05.jpg,data/raw/PCB_DATASET/PCB_USED/07.JPG,data/raw/PCB_DATASET/Annotations/Missing_hole/07_missing_hole_05.xml,missing_hole,07_missing_hole_05,test
07_missing_hole_06,data/raw/PCB_DATASET/images/Missing_hole/07_missing_hole_06.jpg,data/raw/PCB_DATASET/PCB_USED/07.JPG,data/raw/PCB_DATASET/Annotations/Missing_hole/07_missing_hole_06.xml,missing_hole,07_missing_hole_06,development
07_missing_hole_07,data/raw/PCB_DATASET/images/Missing_hole/07_missing_hole_07.jpg,data/raw/PCB_DATASET/PCB_USED/07.JPG,data/raw/PCB_DATASET/Annotations/Missing_hole/07_missing_hole_07.xml,missing_hole,07_missing_hole_07,test
07_missing_hole_08,data/raw/PCB_DATASET/images/Missing_hole/07_missing_hole_08.jpg,data/raw/PCB_DATASET/PCB_USED/07.JPG,data/raw/PCB_DATASET/Annotations/Missing_hole/07_missing_hole_08.xml,missing_hole,07_missing_hole_08,development
07_missing_hole_09,data/raw/PCB_DATASET/images/Missing_hole/07_missing_hole_09.jpg,data/raw/PCB_DATASET/PCB_USED/07.JPG,data/raw/PCB_DATASET/Annotations/Missing_hole/07_missing_hole_09.xml,missing_hole,07_missing_hole_09,validation
07_missing_hole_10,data/raw/PCB_DATASET/images/Missing_hole/07_missing_hole_10.jpg,data/raw/PCB_DATASET/PCB_USED/07.JPG,data/raw/PCB_DATASET/Annotations/Missing_hole/07_missing_hole_10.xml,missing_hole,07_missing_hole_10,test
07_mouse_bite_01,data/raw/PCB_DATASET/images/Mouse_bite/07_mouse_bite_01.jpg,data/raw/PCB_DATASET/PCB_USED/07.JPG,data/raw/PCB_DATASET/Annotations/Mouse_bite/07_mouse_bite_01.xml,mouse_bite,07_mouse_bite_01,validation
07_mouse_bite_02,data/raw/PCB_DATASET/images/Mouse_bite/07_mouse_bite_02.jpg,data/raw/PCB_DATASET/PCB_USED/07.JPG,data/raw/PCB_DATASET/Annotations/Mouse_bite/07_mouse_bite_02.xml,mouse_bite,07_mouse_bite_02,development
07_mouse_bite_03,data/raw/PCB_DATASET/images/Mouse_bite/07_mouse_bite_03.jpg,data/raw/PCB_DATASET/PCB_USED/07.JPG,data/raw/PCB_DATASET/Annotations/Mouse_bite/07_mouse_bite_03.xml,mouse_bite,07_mouse_bite_03,test
07_mouse_bite_04,data/raw/PCB_DATASET/images/Mouse_bite/07_mouse_bite_04.jpg,data/raw/PCB_DATASET/PCB_USED/07.JPG,data/raw/PCB_DATASET/Annotations/Mouse_bite/07_mouse_bite_04.xml,mouse_bite,07_mouse_bite_04,test
07_mouse_bite_05,data/raw/PCB_DATASET/images/Mouse_bite/07_mouse_bite_05.jpg,data/raw/PCB_DATASET/PCB_USED/07.JPG,data/raw/PCB_DATASET/Annotations/Mouse_bite/07_mouse_bite_05.xml,mouse_bite,07_mouse_bite_05,test
07_mouse_bite_06,data/raw/PCB_DATASET/images/Mouse_bite/07_mouse_bite_06.jpg,data/raw/PCB_DATASET/PCB_USED/07.JPG,data/raw/PCB_DATASET/Annotations/Mouse_bite/07_mouse_bite_06.xml,mouse_bite,07_mouse_bite_06,test
07_mouse_bite_07,data/raw/PCB_DATASET/images/Mouse_bite/07_mouse_bite_07.jpg,data/raw/PCB_DATASET/PCB_USED/07.JPG,data/raw/PCB_DATASET/Annotations/Mouse_bite/07_mouse_bite_07.xml,mouse_bite,07_mouse_bite_07,test
07_mouse_bite_08,data/raw/PCB_DATASET/images/Mouse_bite/07_mouse_bite_08.jpg,data/raw/PCB_DATASET/PCB_USED/07.JPG,data/raw/PCB_DATASET/Annotations/Mouse_bite/07_mouse_bite_08.xml,mouse_bite,07_mouse_bite_08,test
07_mouse_bite_09,data/raw/PCB_DATASET/images/Mouse_bite/07_mouse_bite_09.jpg,data/raw/PCB_DATASET/PCB_USED/07.JPG,data/raw/PCB_DATASET/Annotations/Mouse_bite/07_mouse_bite_09.xml,mouse_bite,07_mouse_bite_09,validation
07_mouse_bite_10,data/raw/PCB_DATASET/images/Mouse_bite/07_mouse_bite_10.jpg,data/raw/PCB_DATASET/PCB_USED/07.JPG,data/raw/PCB_DATASET/Annotations/Mouse_bite/07_mouse_bite_10.xml,mouse_bite,07_mouse_bite_10,validation
07_open_circuit_01,data/raw/PCB_DATASET/images/Open_circuit/07_open_circuit_01.jpg,data/raw/PCB_DATASET/PCB_USED/07.JPG,data/raw/PCB_DATASET/Annotations/Open_circuit/07_open_circuit_01.xml,open_circuit,07_open_circuit_01,test
07_open_circuit_02,data/raw/PCB_DATASET/images/Open_circuit/07_open_circuit_02.jpg,data/raw/PCB_DATASET/PCB_USED/07.JPG,data/raw/PCB_DATASET/Annotations/Open_circuit/07_open_circuit_02.xml,open_circuit,07_open_circuit_02,test
07_open_circuit_03,data/raw/PCB_DATASET/images/Open_circuit/07_open_circuit_03.jpg,data/raw/PCB_DATASET/PCB_USED/07.JPG,data/raw/PCB_DATASET/Annotations/Open_circuit/07_open_circuit_03.xml,open_circuit,07_open_circuit_03,test
07_open_circuit_04,data/raw/PCB_DATASET/images/Open_circuit/07_open_circuit_04.jpg,data/raw/PCB_DATASET/PCB_USED/07.JPG,data/raw/PCB_DATASET/Annotations/Open_circuit/07_open_circuit_04.xml,open_circuit,07_open_circuit_04,development
07_open_circuit_05,data/raw/PCB_DATASET/images/Open_circuit/07_open_circuit_05.jpg,data/raw/PCB_DATASET/PCB_USED/07.JPG,data/raw/PCB_DATASET/Annotations/Open_circuit/07_open_circuit_05.xml,open_circuit,07_open_circuit_05,development
07_open_circuit_06,data/raw/PCB_DATASET/images/Open_circuit/07_open_circuit_06.jpg,data/raw/PCB_DATASET/PCB_USED/07.JPG,data/raw/PCB_DATASET/Annotations/Open_circuit/07_open_circuit_06.xml,open_circuit,07_open_circuit_06,test
07_open_circuit_07,data/raw/PCB_DATASET/images/Open_circuit/07_open_circuit_07.jpg,data/raw/PCB_DATASET/PCB_USED/07.JPG,data/raw/PCB_DATASET/Annotations/Open_circuit/07_open_circuit_07.xml,open_circuit,07_open_circuit_07,test
07_open_circuit_08,data/raw/PCB_DATASET/images/Open_circuit/07_open_circuit_08.jpg,data/raw/PCB_DATASET/PCB_USED/07.JPG,data/raw/PCB_DATASET/Annotations/Open_circuit/07_open_circuit_08.xml,open_circuit,07_open_circuit_08,validation
07_open_circuit_09,data/raw/PCB_DATASET/images/Open_circuit/07_open_circuit_09.jpg,data/raw/PCB_DATASET/PCB_USED/07.JPG,data/raw/PCB_DATASET/Annotations/Open_circuit/07_open_circuit_09.xml,open_circuit,07_open_circuit_09,development
07_open_circuit_10,data/raw/PCB_DATASET/images/Open_circuit/07_open_circuit_10.jpg,data/raw/PCB_DATASET/PCB_USED/07.JPG,data/raw/PCB_DATASET/Annotations/Open_circuit/07_open_circuit_10.xml,open_circuit,07_open_circuit_10,test
07_short_01,data/raw/PCB_DATASET/images/Short/07_short_01.jpg,data/raw/PCB_DATASET/PCB_USED/07.JPG,data/raw/PCB_DATASET/Annotations/Short/07_short_01.xml,short_circuit,07_short_01,test
07_short_02,data/raw/PCB_DATASET/images/Short/07_short_02.jpg,data/raw/PCB_DATASET/PCB_USED/07.JPG,data/raw/PCB_DATASET/Annotations/Short/07_short_02.xml,short_circuit,07_short_02,test
07_short_03,data/raw/PCB_DATASET/images/Short/07_short_03.jpg,data/raw/PCB_DATASET/PCB_USED/07.JPG,data/raw/PCB_DATASET/Annotations/Short/07_short_03.xml,short_circuit,07_short_03,test
07_short_04,data/raw/PCB_DATASET/images/Short/07_short_04.jpg,data/raw/PCB_DATASET/PCB_USED/07.JPG,data/raw/PCB_DATASET/Annotations/Short/07_short_04.xml,short_circuit,07_short_04,development
07_short_05,data/raw/PCB_DATASET/images/Short/07_short_05.jpg,data/raw/PCB_DATASET/PCB_USED/07.JPG,data/raw/PCB_DATASET/Annotations/Short/07_short_05.xml,short_circuit,07_short_05,test
07_short_06,data/raw/PCB_DATASET/images/Short/07_short_06.jpg,data/raw/PCB_DATASET/PCB_USED/07.JPG,data/raw/PCB_DATASET/Annotations/Short/07_short_06.xml,short_circuit,07_short_06,development
07_short_07,data/raw/PCB_DATASET/images/Short/07_short_07.jpg,data/raw/PCB_DATASET/PCB_USED/07.JPG,data/raw/PCB_DATASET/Annotations/Short/07_short_07.xml,short_circuit,07_short_07,test
07_short_08,data/raw/PCB_DATASET/images/Short/07_short_08.jpg,data/raw/PCB_DATASET/PCB_USED/07.JPG,data/raw/PCB_DATASET/Annotations/Short/07_short_08.xml,short_circuit,07_short_08,test
07_short_09,data/raw/PCB_DATASET/images/Short/07_short_09.jpg,data/raw/PCB_DATASET/PCB_USED/07.JPG,data/raw/PCB_DATASET/Annotations/Short/07_short_09.xml,short_circuit,07_short_09,validation
07_short_10,data/raw/PCB_DATASET/images/Short/07_short_10.jpg,data/raw/PCB_DATASET/PCB_USED/07.JPG,data/raw/PCB_DATASET/Annotations/Short/07_short_10.xml,short_circuit,07_short_10,development
07_spur_01,data/raw/PCB_DATASET/images/Spur/07_spur_01.jpg,data/raw/PCB_DATASET/PCB_USED/07.JPG,data/raw/PCB_DATASET/Annotations/Spur/07_spur_01.xml,spur,07_spur_01,test
07_spur_02,data/raw/PCB_DATASET/images/Spur/07_spur_02.jpg,data/raw/PCB_DATASET/PCB_USED/07.JPG,data/raw/PCB_DATASET/Annotations/Spur/07_spur_02.xml,spur,07_spur_02,test
07_spur_03,data/raw/PCB_DATASET/images/Spur/07_spur_03.jpg,data/raw/PCB_DATASET/PCB_USED/07.JPG,data/raw/PCB_DATASET/Annotations/Spur/07_spur_03.xml,spur,07_spur_03,development
07_spur_04,data/raw/PCB_DATASET/images/Spur/07_spur_04.jpg,data/raw/PCB_DATASET/PCB_USED/07.JPG,data/raw/PCB_DATASET/Annotations/Spur/07_spur_04.xml,spur,07_spur_04,test
07_spur_05,data/raw/PCB_DATASET/images/Spur/07_spur_05.jpg,data/raw/PCB_DATASET/PCB_USED/07.JPG,data/raw/PCB_DATASET/Annotations/Spur/07_spur_05.xml,spur,07_spur_05,test
07_spur_06,data/raw/PCB_DATASET/images/Spur/07_spur_06.jpg,data/raw/PCB_DATASET/PCB_USED/07.JPG,data/raw/PCB_DATASET/Annotations/Spur/07_spur_06.xml,spur,07_spur_06,test
07_spur_07,data/raw/PCB_DATASET/images/Spur/07_spur_07.jpg,data/raw/PCB_DATASET/PCB_USED/07.JPG,data/raw/PCB_DATASET/Annotations/Spur/07_spur_07.xml,spur,07_spur_07,test
07_spur_08,data/raw/PCB_DATASET/images/Spur/07_spur_08.jpg,data/raw/PCB_DATASET/PCB_USED/07.JPG,data/raw/PCB_DATASET/Annotations/Spur/07_spur_08.xml,spur,07_spur_08,test
07_spur_09,data/raw/PCB_DATASET/images/Spur/07_spur_09.jpg,data/raw/PCB_DATASET/PCB_USED/07.JPG,data/raw/PCB_DATASET/Annotations/Spur/07_spur_09.xml,spur,07_spur_09,test
07_spur_10,data/raw/PCB_DATASET/images/Spur/07_spur_10.jpg,data/raw/PCB_DATASET/PCB_USED/07.JPG,data/raw/PCB_DATASET/Annotations/Spur/07_spur_10.xml,spur,07_spur_10,test
07_spurious_copper_01,data/raw/PCB_DATASET/images/Spurious_copper/07_spurious_copper_01.jpg,data/raw/PCB_DATASET/PCB_USED/07.JPG,data/raw/PCB_DATASET/Annotations/Spurious_copper/07_spurious_copper_01.xml,spurious_copper,07_spurious_copper_01,development
07_spurious_copper_02,data/raw/PCB_DATASET/images/Spurious_copper/07_spurious_copper_02.jpg,data/raw/PCB_DATASET/PCB_USED/07.JPG,data/raw/PCB_DATASET/Annotations/Spurious_copper/07_spurious_copper_02.xml,spurious_copper,07_spurious_copper_02,test
07_spurious_copper_03,data/raw/PCB_DATASET/images/Spurious_copper/07_spurious_copper_03.jpg,data/raw/PCB_DATASET/PCB_USED/07.JPG,data/raw/PCB_DATASET/Annotations/Spurious_copper/07_spurious_copper_03.xml,spurious_copper,07_spurious_copper_03,development
07_spurious_copper_04,data/raw/PCB_DATASET/images/Spurious_copper/07_spurious_copper_04.jpg,data/raw/PCB_DATASET/PCB_USED/07.JPG,data/raw/PCB_DATASET/Annotations/Spurious_copper/07_spurious_copper_04.xml,spurious_copper,07_spurious_copper_04,validation
07_spurious_copper_05,data/raw/PCB_DATASET/images/Spurious_copper/07_spurious_copper_05.jpg,data/raw/PCB_DATASET/PCB_USED/07.JPG,data/raw/PCB_DATASET/Annotations/Spurious_copper/07_spurious_copper_05.xml,spurious_copper,07_spurious_copper_05,development
07_spurious_copper_06,data/raw/PCB_DATASET/images/Spurious_copper/07_spurious_copper_06.jpg,data/raw/PCB_DATASET/PCB_USED/07.JPG,data/raw/PCB_DATASET/Annotations/Spurious_copper/07_spurious_copper_06.xml,spurious_copper,07_spurious_copper_06,test
07_spurious_copper_07,data/raw/PCB_DATASET/images/Spurious_copper/07_spurious_copper_07.jpg,data/raw/PCB_DATASET/PCB_USED/07.JPG,data/raw/PCB_DATASET/Annotations/Spurious_copper/07_spurious_copper_07.xml,spurious_copper,07_spurious_copper_07,test
07_spurious_copper_08,data/raw/PCB_DATASET/images/Spurious_copper/07_spurious_copper_08.jpg,data/raw/PCB_DATASET/PCB_USED/07.JPG,data/raw/PCB_DATASET/Annotations/Spurious_copper/07_spurious_copper_08.xml,spurious_copper,07_spurious_copper_08,development
07_spurious_copper_09,data/raw/PCB_DATASET/images/Spurious_copper/07_spurious_copper_09.jpg,data/raw/PCB_DATASET/PCB_USED/07.JPG,data/raw/PCB_DATASET/Annotations/Spurious_copper/07_spurious_copper_09.xml,spurious_copper,07_spurious_copper_09,test
07_spurious_copper_10,data/raw/PCB_DATASET/images/Spurious_copper/07_spurious_copper_10.jpg,data/raw/PCB_DATASET/PCB_USED/07.JPG,data/raw/PCB_DATASET/Annotations/Spurious_copper/07_spurious_copper_10.xml,spurious_copper,07_spurious_copper_10,test
08_missing_hole_01,data/raw/PCB_DATASET/images/Missing_hole/08_missing_hole_01.jpg,data/raw/PCB_DATASET/PCB_USED/08.JPG,data/raw/PCB_DATASET/Annotations/Missing_hole/08_missing_hole_01.xml,missing_hole,08_missing_hole_01,test
08_missing_hole_02,data/raw/PCB_DATASET/images/Missing_hole/08_missing_hole_02.jpg,data/raw/PCB_DATASET/PCB_USED/08.JPG,data/raw/PCB_DATASET/Annotations/Missing_hole/08_missing_hole_02.xml,missing_hole,08_missing_hole_02,test
08_missing_hole_03,data/raw/PCB_DATASET/images/Missing_hole/08_missing_hole_03.jpg,data/raw/PCB_DATASET/PCB_USED/08.JPG,data/raw/PCB_DATASET/Annotations/Missing_hole/08_missing_hole_03.xml,missing_hole,08_missing_hole_03,development
08_missing_hole_04,data/raw/PCB_DATASET/images/Missing_hole/08_missing_hole_04.jpg,data/raw/PCB_DATASET/PCB_USED/08.JPG,data/raw/PCB_DATASET/Annotations/Missing_hole/08_missing_hole_04.xml,missing_hole,08_missing_hole_04,validation
08_missing_hole_05,data/raw/PCB_DATASET/images/Missing_hole/08_missing_hole_05.jpg,data/raw/PCB_DATASET/PCB_USED/08.JPG,data/raw/PCB_DATASET/Annotations/Missing_hole/08_missing_hole_05.xml,missing_hole,08_missing_hole_05,development
08_missing_hole_06,data/raw/PCB_DATASET/images/Missing_hole/08_missing_hole_06.jpg,data/raw/PCB_DATASET/PCB_USED/08.JPG,data/raw/PCB_DATASET/Annotations/Missing_hole/08_missing_hole_06.xml,missing_hole,08_missing_hole_06,test
08_missing_hole_07,data/raw/PCB_DATASET/images/Missing_hole/08_missing_hole_07.jpg,data/raw/PCB_DATASET/PCB_USED/08.JPG,data/raw/PCB_DATASET/Annotations/Missing_hole/08_missing_hole_07.xml,missing_hole,08_missing_hole_07,development
08_missing_hole_08,data/raw/PCB_DATASET/images/Missing_hole/08_missing_hole_08.jpg,data/raw/PCB_DATASET/PCB_USED/08.JPG,data/raw/PCB_DATASET/Annotations/Missing_hole/08_missing_hole_08.xml,missing_hole,08_missing_hole_08,test
08_missing_hole_09,data/raw/PCB_DATASET/images/Missing_hole/08_missing_hole_09.jpg,data/raw/PCB_DATASET/PCB_USED/08.JPG,data/raw/PCB_DATASET/Annotations/Missing_hole/08_missing_hole_09.xml,missing_hole,08_missing_hole_09,test
08_missing_hole_10,data/raw/PCB_DATASET/images/Missing_hole/08_missing_hole_10.jpg,data/raw/PCB_DATASET/PCB_USED/08.JPG,data/raw/PCB_DATASET/Annotations/Missing_hole/08_missing_hole_10.xml,missing_hole,08_missing_hole_10,validation
08_mouse_bite_01,data/raw/PCB_DATASET/images/Mouse_bite/08_mouse_bite_01.jpg,data/raw/PCB_DATASET/PCB_USED/08.JPG,data/raw/PCB_DATASET/Annotations/Mouse_bite/08_mouse_bite_01.xml,mouse_bite,08_mouse_bite_01,test
08_mouse_bite_02,data/raw/PCB_DATASET/images/Mouse_bite/08_mouse_bite_02.jpg,data/raw/PCB_DATASET/PCB_USED/08.JPG,data/raw/PCB_DATASET/Annotations/Mouse_bite/08_mouse_bite_02.xml,mouse_bite,08_mouse_bite_02,test
08_mouse_bite_03,data/raw/PCB_DATASET/images/Mouse_bite/08_mouse_bite_03.jpg,data/raw/PCB_DATASET/PCB_USED/08.JPG,data/raw/PCB_DATASET/Annotations/Mouse_bite/08_mouse_bite_03.xml,mouse_bite,08_mouse_bite_03,validation
08_mouse_bite_04,data/raw/PCB_DATASET/images/Mouse_bite/08_mouse_bite_04.jpg,data/raw/PCB_DATASET/PCB_USED/08.JPG,data/raw/PCB_DATASET/Annotations/Mouse_bite/08_mouse_bite_04.xml,mouse_bite,08_mouse_bite_04,test
08_mouse_bite_05,data/raw/PCB_DATASET/images/Mouse_bite/08_mouse_bite_05.jpg,data/raw/PCB_DATASET/PCB_USED/08.JPG,data/raw/PCB_DATASET/Annotations/Mouse_bite/08_mouse_bite_05.xml,mouse_bite,08_mouse_bite_05,test
08_mouse_bite_06,data/raw/PCB_DATASET/images/Mouse_bite/08_mouse_bite_06.jpg,data/raw/PCB_DATASET/PCB_USED/08.JPG,data/raw/PCB_DATASET/Annotations/Mouse_bite/08_mouse_bite_06.xml,mouse_bite,08_mouse_bite_06,test
08_mouse_bite_07,data/raw/PCB_DATASET/images/Mouse_bite/08_mouse_bite_07.jpg,data/raw/PCB_DATASET/PCB_USED/08.JPG,data/raw/PCB_DATASET/Annotations/Mouse_bite/08_mouse_bite_07.xml,mouse_bite,08_mouse_bite_07,test
08_mouse_bite_08,data/raw/PCB_DATASET/images/Mouse_bite/08_mouse_bite_08.jpg,data/raw/PCB_DATASET/PCB_USED/08.JPG,data/raw/PCB_DATASET/Annotations/Mouse_bite/08_mouse_bite_08.xml,mouse_bite,08_mouse_bite_08,test
08_mouse_bite_09,data/raw/PCB_DATASET/images/Mouse_bite/08_mouse_bite_09.jpg,data/raw/PCB_DATASET/PCB_USED/08.JPG,data/raw/PCB_DATASET/Annotations/Mouse_bite/08_mouse_bite_09.xml,mouse_bite,08_mouse_bite_09,validation
08_mouse_bite_10,data/raw/PCB_DATASET/images/Mouse_bite/08_mouse_bite_10.jpg,data/raw/PCB_DATASET/PCB_USED/08.JPG,data/raw/PCB_DATASET/Annotations/Mouse_bite/08_mouse_bite_10.xml,mouse_bite,08_mouse_bite_10,test
08_open_circuit_01,data/raw/PCB_DATASET/images/Open_circuit/08_open_circuit_01.jpg,data/raw/PCB_DATASET/PCB_USED/08.JPG,data/raw/PCB_DATASET/Annotations/Open_circuit/08_open_circuit_01.xml,open_circuit,08_open_circuit_01,test
08_open_circuit_02,data/raw/PCB_DATASET/images/Open_circuit/08_open_circuit_02.jpg,data/raw/PCB_DATASET/PCB_USED/08.JPG,data/raw/PCB_DATASET/Annotations/Open_circuit/08_open_circuit_02.xml,open_circuit,08_open_circuit_02,test
08_open_circuit_03,data/raw/PCB_DATASET/images/Open_circuit/08_open_circuit_03.jpg,data/raw/PCB_DATASET/PCB_USED/08.JPG,data/raw/PCB_DATASET/Annotations/Open_circuit/08_open_circuit_03.xml,open_circuit,08_open_circuit_03,test
08_open_circuit_04,data/raw/PCB_DATASET/images/Open_circuit/08_open_circuit_04.jpg,data/raw/PCB_DATASET/PCB_USED/08.JPG,data/raw/PCB_DATASET/Annotations/Open_circuit/08_open_circuit_04.xml,open_circuit,08_open_circuit_04,validation
08_open_circuit_05,data/raw/PCB_DATASET/images/Open_circuit/08_open_circuit_05.jpg,data/raw/PCB_DATASET/PCB_USED/08.JPG,data/raw/PCB_DATASET/Annotations/Open_circuit/08_open_circuit_05.xml,open_circuit,08_open_circuit_05,development
08_open_circuit_06,data/raw/PCB_DATASET/images/Open_circuit/08_open_circuit_06.jpg,data/raw/PCB_DATASET/PCB_USED/08.JPG,data/raw/PCB_DATASET/Annotations/Open_circuit/08_open_circuit_06.xml,open_circuit,08_open_circuit_06,test
08_open_circuit_07,data/raw/PCB_DATASET/images/Open_circuit/08_open_circuit_07.jpg,data/raw/PCB_DATASET/PCB_USED/08.JPG,data/raw/PCB_DATASET/Annotations/Open_circuit/08_open_circuit_07.xml,open_circuit,08_open_circuit_07,validation
08_open_circuit_08,data/raw/PCB_DATASET/images/Open_circuit/08_open_circuit_08.jpg,data/raw/PCB_DATASET/PCB_USED/08.JPG,data/raw/PCB_DATASET/Annotations/Open_circuit/08_open_circuit_08.xml,open_circuit,08_open_circuit_08,test
08_open_circuit_09,data/raw/PCB_DATASET/images/Open_circuit/08_open_circuit_09.jpg,data/raw/PCB_DATASET/PCB_USED/08.JPG,data/raw/PCB_DATASET/Annotations/Open_circuit/08_open_circuit_09.xml,open_circuit,08_open_circuit_09,validation
08_open_circuit_10,data/raw/PCB_DATASET/images/Open_circuit/08_open_circuit_10.jpg,data/raw/PCB_DATASET/PCB_USED/08.JPG,data/raw/PCB_DATASET/Annotations/Open_circuit/08_open_circuit_10.xml,open_circuit,08_open_circuit_10,test
08_short_01,data/raw/PCB_DATASET/images/Short/08_short_01.jpg,data/raw/PCB_DATASET/PCB_USED/08.JPG,data/raw/PCB_DATASET/Annotations/Short/08_short_01.xml,short_circuit,08_short_01,validation
08_short_02,data/raw/PCB_DATASET/images/Short/08_short_02.jpg,data/raw/PCB_DATASET/PCB_USED/08.JPG,data/raw/PCB_DATASET/Annotations/Short/08_short_02.xml,short_circuit,08_short_02,development
08_short_03,data/raw/PCB_DATASET/images/Short/08_short_03.jpg,data/raw/PCB_DATASET/PCB_USED/08.JPG,data/raw/PCB_DATASET/Annotations/Short/08_short_03.xml,short_circuit,08_short_03,test
08_short_04,data/raw/PCB_DATASET/images/Short/08_short_04.jpg,data/raw/PCB_DATASET/PCB_USED/08.JPG,data/raw/PCB_DATASET/Annotations/Short/08_short_04.xml,short_circuit,08_short_04,validation
08_short_05,data/raw/PCB_DATASET/images/Short/08_short_05.jpg,data/raw/PCB_DATASET/PCB_USED/08.JPG,data/raw/PCB_DATASET/Annotations/Short/08_short_05.xml,short_circuit,08_short_05,development
08_short_06,data/raw/PCB_DATASET/images/Short/08_short_06.jpg,data/raw/PCB_DATASET/PCB_USED/08.JPG,data/raw/PCB_DATASET/Annotations/Short/08_short_06.xml,short_circuit,08_short_06,validation
08_short_07,data/raw/PCB_DATASET/images/Short/08_short_07.jpg,data/raw/PCB_DATASET/PCB_USED/08.JPG,data/raw/PCB_DATASET/Annotations/Short/08_short_07.xml,short_circuit,08_short_07,development
08_short_08,data/raw/PCB_DATASET/images/Short/08_short_08.jpg,data/raw/PCB_DATASET/PCB_USED/08.JPG,data/raw/PCB_DATASET/Annotations/Short/08_short_08.xml,short_circuit,08_short_08,test
08_short_09,data/raw/PCB_DATASET/images/Short/08_short_09.jpg,data/raw/PCB_DATASET/PCB_USED/08.JPG,data/raw/PCB_DATASET/Annotations/Short/08_short_09.xml,short_circuit,08_short_09,test
08_short_10,data/raw/PCB_DATASET/images/Short/08_short_10.jpg,data/raw/PCB_DATASET/PCB_USED/08.JPG,data/raw/PCB_DATASET/Annotations/Short/08_short_10.xml,short_circuit,08_short_10,test
08_spur_01,data/raw/PCB_DATASET/images/Spur/08_spur_01.jpg,data/raw/PCB_DATASET/PCB_USED/08.JPG,data/raw/PCB_DATASET/Annotations/Spur/08_spur_01.xml,spur,08_spur_01,test
08_spur_02,data/raw/PCB_DATASET/images/Spur/08_spur_02.jpg,data/raw/PCB_DATASET/PCB_USED/08.JPG,data/raw/PCB_DATASET/Annotations/Spur/08_spur_02.xml,spur,08_spur_02,test
08_spur_03,data/raw/PCB_DATASET/images/Spur/08_spur_03.jpg,data/raw/PCB_DATASET/PCB_USED/08.JPG,data/raw/PCB_DATASET/Annotations/Spur/08_spur_03.xml,spur,08_spur_03,validation
08_spur_04,data/raw/PCB_DATASET/images/Spur/08_spur_04.jpg,data/raw/PCB_DATASET/PCB_USED/08.JPG,data/raw/PCB_DATASET/Annotations/Spur/08_spur_04.xml,spur,08_spur_04,validation
08_spur_05,data/raw/PCB_DATASET/images/Spur/08_spur_05.jpg,data/raw/PCB_DATASET/PCB_USED/08.JPG,data/raw/PCB_DATASET/Annotations/Spur/08_spur_05.xml,spur,08_spur_05,test
08_spur_06,data/raw/PCB_DATASET/images/Spur/08_spur_06.jpg,data/raw/PCB_DATASET/PCB_USED/08.JPG,data/raw/PCB_DATASET/Annotations/Spur/08_spur_06.xml,spur,08_spur_06,test
08_spur_07,data/raw/PCB_DATASET/images/Spur/08_spur_07.jpg,data/raw/PCB_DATASET/PCB_USED/08.JPG,data/raw/PCB_DATASET/Annotations/Spur/08_spur_07.xml,spur,08_spur_07,development
08_spur_08,data/raw/PCB_DATASET/images/Spur/08_spur_08.jpg,data/raw/PCB_DATASET/PCB_USED/08.JPG,data/raw/PCB_DATASET/Annotations/Spur/08_spur_08.xml,spur,08_spur_08,validation
08_spur_09,data/raw/PCB_DATASET/images/Spur/08_spur_09.jpg,data/raw/PCB_DATASET/PCB_USED/08.JPG,data/raw/PCB_DATASET/Annotations/Spur/08_spur_09.xml,spur,08_spur_09,development
08_spur_10,data/raw/PCB_DATASET/images/Spur/08_spur_10.jpg,data/raw/PCB_DATASET/PCB_USED/08.JPG,data/raw/PCB_DATASET/Annotations/Spur/08_spur_10.xml,spur,08_spur_10,test
08_spurious_copper_01,data/raw/PCB_DATASET/images/Spurious_copper/08_spurious_copper_01.jpg,data/raw/PCB_DATASET/PCB_USED/08.JPG,data/raw/PCB_DATASET/Annotations/Spurious_copper/08_spurious_copper_01.xml,spurious_copper,08_spurious_copper_01,test
08_spurious_copper_02,data/raw/PCB_DATASET/images/Spurious_copper/08_spurious_copper_02.jpg,data/raw/PCB_DATASET/PCB_USED/08.JPG,data/raw/PCB_DATASET/Annotations/Spurious_copper/08_spurious_copper_02.xml,spurious_copper,08_spurious_copper_02,test
08_spurious_copper_03,data/raw/PCB_DATASET/images/Spurious_copper/08_spurious_copper_03.jpg,data/raw/PCB_DATASET/PCB_USED/08.JPG,data/raw/PCB_DATASET/Annotations/Spurious_copper/08_spurious_copper_03.xml,spurious_copper,08_spurious_copper_03,test
08_spurious_copper_04,data/raw/PCB_DATASET/images/Spurious_copper/08_spurious_copper_04.jpg,data/raw/PCB_DATASET/PCB_USED/08.JPG,data/raw/PCB_DATASET/Annotations/Spurious_copper/08_spurious_copper_04.xml,spurious_copper,08_spurious_copper_04,test
08_spurious_copper_05,data/raw/PCB_DATASET/images/Spurious_copper/08_spurious_copper_05.jpg,data/raw/PCB_DATASET/PCB_USED/08.JPG,data/raw/PCB_DATASET/Annotations/Spurious_copper/08_spurious_copper_05.xml,spurious_copper,08_spurious_copper_05,validation
08_spurious_copper_06,data/raw/PCB_DATASET/images/Spurious_copper/08_spurious_copper_06.jpg,data/raw/PCB_DATASET/PCB_USED/08.JPG,data/raw/PCB_DATASET/Annotations/Spurious_copper/08_spurious_copper_06.xml,spurious_copper,08_spurious_copper_06,development
08_spurious_copper_07,data/raw/PCB_DATASET/images/Spurious_copper/08_spurious_copper_07.jpg,data/raw/PCB_DATASET/PCB_USED/08.JPG,data/raw/PCB_DATASET/Annotations/Spurious_copper/08_spurious_copper_07.xml,spurious_copper,08_spurious_copper_07,test
08_spurious_copper_08,data/raw/PCB_DATASET/images/Spurious_copper/08_spurious_copper_08.jpg,data/raw/PCB_DATASET/PCB_USED/08.JPG,data/raw/PCB_DATASET/Annotations/Spurious_copper/08_spurious_copper_08.xml,spurious_copper,08_spurious_copper_08,test
08_spurious_copper_09,data/raw/PCB_DATASET/images/Spurious_copper/08_spurious_copper_09.jpg,data/raw/PCB_DATASET/PCB_USED/08.JPG,data/raw/PCB_DATASET/Annotations/Spurious_copper/08_spurious_copper_09.xml,spurious_copper,08_spurious_copper_09,test
08_spurious_copper_10,data/raw/PCB_DATASET/images/Spurious_copper/08_spurious_copper_10.jpg,data/raw/PCB_DATASET/PCB_USED/08.JPG,data/raw/PCB_DATASET/Annotations/Spurious_copper/08_spurious_copper_10.xml,spurious_copper,08_spurious_copper_10,test
09_missing_hole_01,data/raw/PCB_DATASET/images/Missing_hole/09_missing_hole_01.jpg,data/raw/PCB_DATASET/PCB_USED/09.JPG,data/raw/PCB_DATASET/Annotations/Missing_hole/09_missing_hole_01.xml,missing_hole,09_missing_hole_01,validation
09_missing_hole_02,data/raw/PCB_DATASET/images/Missing_hole/09_missing_hole_02.jpg,data/raw/PCB_DATASET/PCB_USED/09.JPG,data/raw/PCB_DATASET/Annotations/Missing_hole/09_missing_hole_02.xml,missing_hole,09_missing_hole_02,test
09_missing_hole_03,data/raw/PCB_DATASET/images/Missing_hole/09_missing_hole_03.jpg,data/raw/PCB_DATASET/PCB_USED/09.JPG,data/raw/PCB_DATASET/Annotations/Missing_hole/09_missing_hole_03.xml,missing_hole,09_missing_hole_03,test
09_missing_hole_04,data/raw/PCB_DATASET/images/Missing_hole/09_missing_hole_04.jpg,data/raw/PCB_DATASET/PCB_USED/09.JPG,data/raw/PCB_DATASET/Annotations/Missing_hole/09_missing_hole_04.xml,missing_hole,09_missing_hole_04,test
09_missing_hole_05,data/raw/PCB_DATASET/images/Missing_hole/09_missing_hole_05.jpg,data/raw/PCB_DATASET/PCB_USED/09.JPG,data/raw/PCB_DATASET/Annotations/Missing_hole/09_missing_hole_05.xml,missing_hole,09_missing_hole_05,validation
09_missing_hole_06,data/raw/PCB_DATASET/images/Missing_hole/09_missing_hole_06.jpg,data/raw/PCB_DATASET/PCB_USED/09.JPG,data/raw/PCB_DATASET/Annotations/Missing_hole/09_missing_hole_06.xml,missing_hole,09_missing_hole_06,development
09_missing_hole_07,data/raw/PCB_DATASET/images/Missing_hole/09_missing_hole_07.jpg,data/raw/PCB_DATASET/PCB_USED/09.JPG,data/raw/PCB_DATASET/Annotations/Missing_hole/09_missing_hole_07.xml,missing_hole,09_missing_hole_07,test
09_missing_hole_08,data/raw/PCB_DATASET/images/Missing_hole/09_missing_hole_08.jpg,data/raw/PCB_DATASET/PCB_USED/09.JPG,data/raw/PCB_DATASET/Annotations/Missing_hole/09_missing_hole_08.xml,missing_hole,09_missing_hole_08,test
09_missing_hole_09,data/raw/PCB_DATASET/images/Missing_hole/09_missing_hole_09.jpg,data/raw/PCB_DATASET/PCB_USED/09.JPG,data/raw/PCB_DATASET/Annotations/Missing_hole/09_missing_hole_09.xml,missing_hole,09_missing_hole_09,development
09_missing_hole_10,data/raw/PCB_DATASET/images/Missing_hole/09_missing_hole_10.jpg,data/raw/PCB_DATASET/PCB_USED/09.JPG,data/raw/PCB_DATASET/Annotations/Missing_hole/09_missing_hole_10.xml,missing_hole,09_missing_hole_10,development
09_mouse_bite_01,data/raw/PCB_DATASET/images/Mouse_bite/09_mouse_bite_01.jpg,data/raw/PCB_DATASET/PCB_USED/09.JPG,data/raw/PCB_DATASET/Annotations/Mouse_bite/09_mouse_bite_01.xml,mouse_bite,09_mouse_bite_01,development
09_mouse_bite_02,data/raw/PCB_DATASET/images/Mouse_bite/09_mouse_bite_02.jpg,data/raw/PCB_DATASET/PCB_USED/09.JPG,data/raw/PCB_DATASET/Annotations/Mouse_bite/09_mouse_bite_02.xml,mouse_bite,09_mouse_bite_02,validation
09_mouse_bite_03,data/raw/PCB_DATASET/images/Mouse_bite/09_mouse_bite_03.jpg,data/raw/PCB_DATASET/PCB_USED/09.JPG,data/raw/PCB_DATASET/Annotations/Mouse_bite/09_mouse_bite_03.xml,mouse_bite,09_mouse_bite_03,validation
09_mouse_bite_04,data/raw/PCB_DATASET/images/Mouse_bite/09_mouse_bite_04.jpg,data/raw/PCB_DATASET/PCB_USED/09.JPG,data/raw/PCB_DATASET/Annotations/Mouse_bite/09_mouse_bite_04.xml,mouse_bite,09_mouse_bite_04,validation
09_mouse_bite_05,data/raw/PCB_DATASET/images/Mouse_bite/09_mouse_bite_05.jpg,data/raw/PCB_DATASET/PCB_USED/09.JPG,data/raw/PCB_DATASET/Annotations/Mouse_bite/09_mouse_bite_05.xml,mouse_bite,09_mouse_bite_05,development
09_mouse_bite_06,data/raw/PCB_DATASET/images/Mouse_bite/09_mouse_bite_06.jpg,data/raw/PCB_DATASET/PCB_USED/09.JPG,data/raw/PCB_DATASET/Annotations/Mouse_bite/09_mouse_bite_06.xml,mouse_bite,09_mouse_bite_06,test
09_mouse_bite_07,data/raw/PCB_DATASET/images/Mouse_bite/09_mouse_bite_07.jpg,data/raw/PCB_DATASET/PCB_USED/09.JPG,data/raw/PCB_DATASET/Annotations/Mouse_bite/09_mouse_bite_07.xml,mouse_bite,09_mouse_bite_07,test
09_mouse_bite_08,data/raw/PCB_DATASET/images/Mouse_bite/09_mouse_bite_08.jpg,data/raw/PCB_DATASET/PCB_USED/09.JPG,data/raw/PCB_DATASET/Annotations/Mouse_bite/09_mouse_bite_08.xml,mouse_bite,09_mouse_bite_08,validation
09_mouse_bite_09,data/raw/PCB_DATASET/images/Mouse_bite/09_mouse_bite_09.jpg,data/raw/PCB_DATASET/PCB_USED/09.JPG,data/raw/PCB_DATASET/Annotations/Mouse_bite/09_mouse_bite_09.xml,mouse_bite,09_mouse_bite_09,test
09_mouse_bite_10,data/raw/PCB_DATASET/images/Mouse_bite/09_mouse_bite_10.jpg,data/raw/PCB_DATASET/PCB_USED/09.JPG,data/raw/PCB_DATASET/Annotations/Mouse_bite/09_mouse_bite_10.xml,mouse_bite,09_mouse_bite_10,test
09_open_circuit_01,data/raw/PCB_DATASET/images/Open_circuit/09_open_circuit_01.jpg,data/raw/PCB_DATASET/PCB_USED/09.JPG,data/raw/PCB_DATASET/Annotations/Open_circuit/09_open_circuit_01.xml,open_circuit,09_open_circuit_01,validation
09_open_circuit_02,data/raw/PCB_DATASET/images/Open_circuit/09_open_circuit_02.jpg,data/raw/PCB_DATASET/PCB_USED/09.JPG,data/raw/PCB_DATASET/Annotations/Open_circuit/09_open_circuit_02.xml,open_circuit,09_open_circuit_02,test
09_open_circuit_03,data/raw/PCB_DATASET/images/Open_circuit/09_open_circuit_03.jpg,data/raw/PCB_DATASET/PCB_USED/09.JPG,data/raw/PCB_DATASET/Annotations/Open_circuit/09_open_circuit_03.xml,open_circuit,09_open_circuit_03,validation
09_open_circuit_04,data/raw/PCB_DATASET/images/Open_circuit/09_open_circuit_04.jpg,data/raw/PCB_DATASET/PCB_USED/09.JPG,data/raw/PCB_DATASET/Annotations/Open_circuit/09_open_circuit_04.xml,open_circuit,09_open_circuit_04,development
09_open_circuit_05,data/raw/PCB_DATASET/images/Open_circuit/09_open_circuit_05.jpg,data/raw/PCB_DATASET/PCB_USED/09.JPG,data/raw/PCB_DATASET/Annotations/Open_circuit/09_open_circuit_05.xml,open_circuit,09_open_circuit_05,development
09_open_circuit_06,data/raw/PCB_DATASET/images/Open_circuit/09_open_circuit_06.jpg,data/raw/PCB_DATASET/PCB_USED/09.JPG,data/raw/PCB_DATASET/Annotations/Open_circuit/09_open_circuit_06.xml,open_circuit,09_open_circuit_06,test
09_open_circuit_07,data/raw/PCB_DATASET/images/Open_circuit/09_open_circuit_07.jpg,data/raw/PCB_DATASET/PCB_USED/09.JPG,data/raw/PCB_DATASET/Annotations/Open_circuit/09_open_circuit_07.xml,open_circuit,09_open_circuit_07,validation
09_open_circuit_08,data/raw/PCB_DATASET/images/Open_circuit/09_open_circuit_08.jpg,data/raw/PCB_DATASET/PCB_USED/09.JPG,data/raw/PCB_DATASET/Annotations/Open_circuit/09_open_circuit_08.xml,open_circuit,09_open_circuit_08,test
09_open_circuit_09,data/raw/PCB_DATASET/images/Open_circuit/09_open_circuit_09.jpg,data/raw/PCB_DATASET/PCB_USED/09.JPG,data/raw/PCB_DATASET/Annotations/Open_circuit/09_open_circuit_09.xml,open_circuit,09_open_circuit_09,test
09_open_circuit_10,data/raw/PCB_DATASET/images/Open_circuit/09_open_circuit_10.jpg,data/raw/PCB_DATASET/PCB_USED/09.JPG,data/raw/PCB_DATASET/Annotations/Open_circuit/09_open_circuit_10.xml,open_circuit,09_open_circuit_10,test
09_short_01,data/raw/PCB_DATASET/images/Short/09_short_01.jpg,data/raw/PCB_DATASET/PCB_USED/09.JPG,data/raw/PCB_DATASET/Annotations/Short/09_short_01.xml,short_circuit,09_short_01,test
09_short_02,data/raw/PCB_DATASET/images/Short/09_short_02.jpg,data/raw/PCB_DATASET/PCB_USED/09.JPG,data/raw/PCB_DATASET/Annotations/Short/09_short_02.xml,short_circuit,09_short_02,development
09_short_03,data/raw/PCB_DATASET/images/Short/09_short_03.jpg,data/raw/PCB_DATASET/PCB_USED/09.JPG,data/raw/PCB_DATASET/Annotations/Short/09_short_03.xml,short_circuit,09_short_03,test
09_short_04,data/raw/PCB_DATASET/images/Short/09_short_04.jpg,data/raw/PCB_DATASET/PCB_USED/09.JPG,data/raw/PCB_DATASET/Annotations/Short/09_short_04.xml,short_circuit,09_short_04,development
09_short_05,data/raw/PCB_DATASET/images/Short/09_short_05.jpg,data/raw/PCB_DATASET/PCB_USED/09.JPG,data/raw/PCB_DATASET/Annotations/Short/09_short_05.xml,short_circuit,09_short_05,test
09_short_06,data/raw/PCB_DATASET/images/Short/09_short_06.jpg,data/raw/PCB_DATASET/PCB_USED/09.JPG,data/raw/PCB_DATASET/Annotations/Short/09_short_06.xml,short_circuit,09_short_06,test
09_short_07,data/raw/PCB_DATASET/images/Short/09_short_07.jpg,data/raw/PCB_DATASET/PCB_USED/09.JPG,data/raw/PCB_DATASET/Annotations/Short/09_short_07.xml,short_circuit,09_short_07,test
09_short_08,data/raw/PCB_DATASET/images/Short/09_short_08.jpg,data/raw/PCB_DATASET/PCB_USED/09.JPG,data/raw/PCB_DATASET/Annotations/Short/09_short_08.xml,short_circuit,09_short_08,validation
09_short_09,data/raw/PCB_DATASET/images/Short/09_short_09.jpg,data/raw/PCB_DATASET/PCB_USED/09.JPG,data/raw/PCB_DATASET/Annotations/Short/09_short_09.xml,short_circuit,09_short_09,test
09_short_10,data/raw/PCB_DATASET/images/Short/09_short_10.jpg,data/raw/PCB_DATASET/PCB_USED/09.JPG,data/raw/PCB_DATASET/Annotations/Short/09_short_10.xml,short_circuit,09_short_10,validation
09_spur_01,data/raw/PCB_DATASET/images/Spur/09_spur_01.jpg,data/raw/PCB_DATASET/PCB_USED/09.JPG,data/raw/PCB_DATASET/Annotations/Spur/09_spur_01.xml,spur,09_spur_01,test
09_spur_02,data/raw/PCB_DATASET/images/Spur/09_spur_02.jpg,data/raw/PCB_DATASET/PCB_USED/09.JPG,data/raw/PCB_DATASET/Annotations/Spur/09_spur_02.xml,spur,09_spur_02,test
09_spur_03,data/raw/PCB_DATASET/images/Spur/09_spur_03.jpg,data/raw/PCB_DATASET/PCB_USED/09.JPG,data/raw/PCB_DATASET/Annotations/Spur/09_spur_03.xml,spur,09_spur_03,validation
09_spur_04,data/raw/PCB_DATASET/images/Spur/09_spur_04.jpg,data/raw/PCB_DATASET/PCB_USED/09.JPG,data/raw/PCB_DATASET/Annotations/Spur/09_spur_04.xml,spur,09_spur_04,validation
09_spur_05,data/raw/PCB_DATASET/images/Spur/09_spur_05.jpg,data/raw/PCB_DATASET/PCB_USED/09.JPG,data/raw/PCB_DATASET/Annotations/Spur/09_spur_05.xml,spur,09_spur_05,test
09_spur_06,data/raw/PCB_DATASET/images/Spur/09_spur_06.jpg,data/raw/PCB_DATASET/PCB_USED/09.JPG,data/raw/PCB_DATASET/Annotations/Spur/09_spur_06.xml,spur,09_spur_06,test
09_spur_07,data/raw/PCB_DATASET/images/Spur/09_spur_07.jpg,data/raw/PCB_DATASET/PCB_USED/09.JPG,data/raw/PCB_DATASET/Annotations/Spur/09_spur_07.xml,spur,09_spur_07,validation
09_spur_08,data/raw/PCB_DATASET/images/Spur/09_spur_08.jpg,data/raw/PCB_DATASET/PCB_USED/09.JPG,data/raw/PCB_DATASET/Annotations/Spur/09_spur_08.xml,spur,09_spur_08,validation
09_spur_09,data/raw/PCB_DATASET/images/Spur/09_spur_09.jpg,data/raw/PCB_DATASET/PCB_USED/09.JPG,data/raw/PCB_DATASET/Annotations/Spur/09_spur_09.xml,spur,09_spur_09,development
09_spur_10,data/raw/PCB_DATASET/images/Spur/09_spur_10.jpg,data/raw/PCB_DATASET/PCB_USED/09.JPG,data/raw/PCB_DATASET/Annotations/Spur/09_spur_10.xml,spur,09_spur_10,validation
09_spurious_copper_01,data/raw/PCB_DATASET/images/Spurious_copper/09_spurious_copper_01.jpg,data/raw/PCB_DATASET/PCB_USED/09.JPG,data/raw/PCB_DATASET/Annotations/Spurious_copper/09_spurious_copper_01.xml,spurious_copper,09_spurious_copper_01,test
09_spurious_copper_02,data/raw/PCB_DATASET/images/Spurious_copper/09_spurious_copper_02.jpg,data/raw/PCB_DATASET/PCB_USED/09.JPG,data/raw/PCB_DATASET/Annotations/Spurious_copper/09_spurious_copper_02.xml,spurious_copper,09_spurious_copper_02,test
09_spurious_copper_03,data/raw/PCB_DATASET/images/Spurious_copper/09_spurious_copper_03.jpg,data/raw/PCB_DATASET/PCB_USED/09.JPG,data/raw/PCB_DATASET/Annotations/Spurious_copper/09_spurious_copper_03.xml,spurious_copper,09_spurious_copper_03,test
09_spurious_copper_04,data/raw/PCB_DATASET/images/Spurious_copper/09_spurious_copper_04.jpg,data/raw/PCB_DATASET/PCB_USED/09.JPG,data/raw/PCB_DATASET/Annotations/Spurious_copper/09_spurious_copper_04.xml,spurious_copper,09_spurious_copper_04,test
09_spurious_copper_05,data/raw/PCB_DATASET/images/Spurious_copper/09_spurious_copper_05.jpg,data/raw/PCB_DATASET/PCB_USED/09.JPG,data/raw/PCB_DATASET/Annotations/Spurious_copper/09_spurious_copper_05.xml,spurious_copper,09_spurious_copper_05,test
09_spurious_copper_06,data/raw/PCB_DATASET/images/Spurious_copper/09_spurious_copper_06.jpg,data/raw/PCB_DATASET/PCB_USED/09.JPG,data/raw/PCB_DATASET/Annotations/Spurious_copper/09_spurious_copper_06.xml,spurious_copper,09_spurious_copper_06,test
09_spurious_copper_07,data/raw/PCB_DATASET/images/Spurious_copper/09_spurious_copper_07.jpg,data/raw/PCB_DATASET/PCB_USED/09.JPG,data/raw/PCB_DATASET/Annotations/Spurious_copper/09_spurious_copper_07.xml,spurious_copper,09_spurious_copper_07,test
09_spurious_copper_08,data/raw/PCB_DATASET/images/Spurious_copper/09_spurious_copper_08.jpg,data/raw/PCB_DATASET/PCB_USED/09.JPG,data/raw/PCB_DATASET/Annotations/Spurious_copper/09_spurious_copper_08.xml,spurious_copper,09_spurious_copper_08,test
09_spurious_copper_09,data/raw/PCB_DATASET/images/Spurious_copper/09_spurious_copper_09.jpg,data/raw/PCB_DATASET/PCB_USED/09.JPG,data/raw/PCB_DATASET/Annotations/Spurious_copper/09_spurious_copper_09.xml,spurious_copper,09_spurious_copper_09,development
09_spurious_copper_10,data/raw/PCB_DATASET/images/Spurious_copper/09_spurious_copper_10.jpg,data/raw/PCB_DATASET/PCB_USED/09.JPG,data/raw/PCB_DATASET/Annotations/Spurious_copper/09_spurious_copper_10.xml,spurious_copper,09_spurious_copper_10,test
10_missing_hole_01,data/raw/PCB_DATASET/images/Missing_hole/10_missing_hole_01.jpg,data/raw/PCB_DATASET/PCB_USED/10.JPG,data/raw/PCB_DATASET/Annotations/Missing_hole/10_missing_hole_01.xml,missing_hole,10_missing_hole_01,test
10_missing_hole_02,data/raw/PCB_DATASET/images/Missing_hole/10_missing_hole_02.jpg,data/raw/PCB_DATASET/PCB_USED/10.JPG,data/raw/PCB_DATASET/Annotations/Missing_hole/10_missing_hole_02.xml,missing_hole,10_missing_hole_02,development
10_missing_hole_03,data/raw/PCB_DATASET/images/Missing_hole/10_missing_hole_03.jpg,data/raw/PCB_DATASET/PCB_USED/10.JPG,data/raw/PCB_DATASET/Annotations/Missing_hole/10_missing_hole_03.xml,missing_hole,10_missing_hole_03,test
10_missing_hole_04,data/raw/PCB_DATASET/images/Missing_hole/10_missing_hole_04.jpg,data/raw/PCB_DATASET/PCB_USED/10.JPG,data/raw/PCB_DATASET/Annotations/Missing_hole/10_missing_hole_04.xml,missing_hole,10_missing_hole_04,validation
10_missing_hole_05,data/raw/PCB_DATASET/images/Missing_hole/10_missing_hole_05.jpg,data/raw/PCB_DATASET/PCB_USED/10.JPG,data/raw/PCB_DATASET/Annotations/Missing_hole/10_missing_hole_05.xml,missing_hole,10_missing_hole_05,test
10_mouse_bite_01,data/raw/PCB_DATASET/images/Mouse_bite/10_mouse_bite_01.jpg,data/raw/PCB_DATASET/PCB_USED/10.JPG,data/raw/PCB_DATASET/Annotations/Mouse_bite/10_mouse_bite_01.xml,mouse_bite,10_mouse_bite_01,validation
10_mouse_bite_02,data/raw/PCB_DATASET/images/Mouse_bite/10_mouse_bite_02.jpg,data/raw/PCB_DATASET/PCB_USED/10.JPG,data/raw/PCB_DATASET/Annotations/Mouse_bite/10_mouse_bite_02.xml,mouse_bite,10_mouse_bite_02,test
10_mouse_bite_03,data/raw/PCB_DATASET/images/Mouse_bite/10_mouse_bite_03.jpg,data/raw/PCB_DATASET/PCB_USED/10.JPG,data/raw/PCB_DATASET/Annotations/Mouse_bite/10_mouse_bite_03.xml,mouse_bite,10_mouse_bite_03,development
10_mouse_bite_04,data/raw/PCB_DATASET/images/Mouse_bite/10_mouse_bite_04.jpg,data/raw/PCB_DATASET/PCB_USED/10.JPG,data/raw/PCB_DATASET/Annotations/Mouse_bite/10_mouse_bite_04.xml,mouse_bite,10_mouse_bite_04,test
10_mouse_bite_05,data/raw/PCB_DATASET/images/Mouse_bite/10_mouse_bite_05.jpg,data/raw/PCB_DATASET/PCB_USED/10.JPG,data/raw/PCB_DATASET/Annotations/Mouse_bite/10_mouse_bite_05.xml,mouse_bite,10_mouse_bite_05,development
10_open_circuit_01,data/raw/PCB_DATASET/images/Open_circuit/10_open_circuit_01.jpg,data/raw/PCB_DATASET/PCB_USED/10.JPG,data/raw/PCB_DATASET/Annotations/Open_circuit/10_open_circuit_01.xml,open_circuit,10_open_circuit_01,test
10_open_circuit_02,data/raw/PCB_DATASET/images/Open_circuit/10_open_circuit_02.jpg,data/raw/PCB_DATASET/PCB_USED/10.JPG,data/raw/PCB_DATASET/Annotations/Open_circuit/10_open_circuit_02.xml,open_circuit,10_open_circuit_02,test
10_open_circuit_03,data/raw/PCB_DATASET/images/Open_circuit/10_open_circuit_03.jpg,data/raw/PCB_DATASET/PCB_USED/10.JPG,data/raw/PCB_DATASET/Annotations/Open_circuit/10_open_circuit_03.xml,open_circuit,10_open_circuit_03,test
10_open_circuit_04,data/raw/PCB_DATASET/images/Open_circuit/10_open_circuit_04.jpg,data/raw/PCB_DATASET/PCB_USED/10.JPG,data/raw/PCB_DATASET/Annotations/Open_circuit/10_open_circuit_04.xml,open_circuit,10_open_circuit_04,development
10_open_circuit_05,data/raw/PCB_DATASET/images/Open_circuit/10_open_circuit_05.jpg,data/raw/PCB_DATASET/PCB_USED/10.JPG,data/raw/PCB_DATASET/Annotations/Open_circuit/10_open_circuit_05.xml,open_circuit,10_open_circuit_05,validation
10_open_circuit_06,data/raw/PCB_DATASET/images/Open_circuit/10_open_circuit_06.jpg,data/raw/PCB_DATASET/PCB_USED/10.JPG,data/raw/PCB_DATASET/Annotations/Open_circuit/10_open_circuit_06.xml,open_circuit,10_open_circuit_06,test
10_short_01,data/raw/PCB_DATASET/images/Short/10_short_01.jpg,data/raw/PCB_DATASET/PCB_USED/10.JPG,data/raw/PCB_DATASET/Annotations/Short/10_short_01.xml,short_circuit,10_short_01,test
10_short_02,data/raw/PCB_DATASET/images/Short/10_short_02.jpg,data/raw/PCB_DATASET/PCB_USED/10.JPG,data/raw/PCB_DATASET/Annotations/Short/10_short_02.xml,short_circuit,10_short_02,test
10_short_03,data/raw/PCB_DATASET/images/Short/10_short_03.jpg,data/raw/PCB_DATASET/PCB_USED/10.JPG,data/raw/PCB_DATASET/Annotations/Short/10_short_03.xml,short_circuit,10_short_03,test
10_short_04,data/raw/PCB_DATASET/images/Short/10_short_04.jpg,data/raw/PCB_DATASET/PCB_USED/10.JPG,data/raw/PCB_DATASET/Annotations/Short/10_short_04.xml,short_circuit,10_short_04,validation
10_short_05,data/raw/PCB_DATASET/images/Short/10_short_05.jpg,data/raw/PCB_DATASET/PCB_USED/10.JPG,data/raw/PCB_DATASET/Annotations/Short/10_short_05.xml,short_circuit,10_short_05,test
10_spur_01,data/raw/PCB_DATASET/images/Spur/10_spur_01.jpg,data/raw/PCB_DATASET/PCB_USED/10.JPG,data/raw/PCB_DATASET/Annotations/Spur/10_spur_01.xml,spur,10_spur_01,test
10_spur_02,data/raw/PCB_DATASET/images/Spur/10_spur_02.jpg,data/raw/PCB_DATASET/PCB_USED/10.JPG,data/raw/PCB_DATASET/Annotations/Spur/10_spur_02.xml,spur,10_spur_02,development
10_spur_03,data/raw/PCB_DATASET/images/Spur/10_spur_03.jpg,data/raw/PCB_DATASET/PCB_USED/10.JPG,data/raw/PCB_DATASET/Annotations/Spur/10_spur_03.xml,spur,10_spur_03,test
10_spur_04,data/raw/PCB_DATASET/images/Spur/10_spur_04.jpg,data/raw/PCB_DATASET/PCB_USED/10.JPG,data/raw/PCB_DATASET/Annotations/Spur/10_spur_04.xml,spur,10_spur_04,test
10_spur_05,data/raw/PCB_DATASET/images/Spur/10_spur_05.jpg,data/raw/PCB_DATASET/PCB_USED/10.JPG,data/raw/PCB_DATASET/Annotations/Spur/10_spur_05.xml,spur,10_spur_05,development
10_spurious_copper_01,data/raw/PCB_DATASET/images/Spurious_copper/10_spurious_copper_01.jpg,data/raw/PCB_DATASET/PCB_USED/10.JPG,data/raw/PCB_DATASET/Annotations/Spurious_copper/10_spurious_copper_01.xml,spurious_copper,10_spurious_copper_01,test
10_spurious_copper_02,data/raw/PCB_DATASET/images/Spurious_copper/10_spurious_copper_02.jpg,data/raw/PCB_DATASET/PCB_USED/10.JPG,data/raw/PCB_DATASET/Annotations/Spurious_copper/10_spurious_copper_02.xml,spurious_copper,10_spurious_copper_02,validation
10_spurious_copper_03,data/raw/PCB_DATASET/images/Spurious_copper/10_spurious_copper_03.jpg,data/raw/PCB_DATASET/PCB_USED/10.JPG,data/raw/PCB_DATASET/Annotations/Spurious_copper/10_spurious_copper_03.xml,spurious_copper,10_spurious_copper_03,test
10_spurious_copper_04,data/raw/PCB_DATASET/images/Spurious_copper/10_spurious_copper_04.jpg,data/raw/PCB_DATASET/PCB_USED/10.JPG,data/raw/PCB_DATASET/Annotations/Spurious_copper/10_spurious_copper_04.xml,spurious_copper,10_spurious_copper_04,development
10_spurious_copper_05,data/raw/PCB_DATASET/images/Spurious_copper/10_spurious_copper_05.jpg,data/raw/PCB_DATASET/PCB_USED/10.JPG,data/raw/PCB_DATASET/Annotations/Spurious_copper/10_spurious_copper_05.xml,spurious_copper,10_spurious_copper_05,development
10_spurious_copper_06,data/raw/PCB_DATASET/images/Spurious_copper/10_spurious_copper_06.jpg,data/raw/PCB_DATASET/PCB_USED/10.JPG,data/raw/PCB_DATASET/Annotations/Spurious_copper/10_spurious_copper_06.xml,spurious_copper,10_spurious_copper_06,development
11_missing_hole_01,data/raw/PCB_DATASET/images/Missing_hole/11_missing_hole_01.jpg,data/raw/PCB_DATASET/PCB_USED/11.JPG,data/raw/PCB_DATASET/Annotations/Missing_hole/11_missing_hole_01.xml,missing_hole,11_missing_hole_01,test
11_missing_hole_02,data/raw/PCB_DATASET/images/Missing_hole/11_missing_hole_02.jpg,data/raw/PCB_DATASET/PCB_USED/11.JPG,data/raw/PCB_DATASET/Annotations/Missing_hole/11_missing_hole_02.xml,missing_hole,11_missing_hole_02,test
11_missing_hole_03,data/raw/PCB_DATASET/images/Missing_hole/11_missing_hole_03.jpg,data/raw/PCB_DATASET/PCB_USED/11.JPG,data/raw/PCB_DATASET/Annotations/Missing_hole/11_missing_hole_03.xml,missing_hole,11_missing_hole_03,test
11_missing_hole_04,data/raw/PCB_DATASET/images/Missing_hole/11_missing_hole_04.jpg,data/raw/PCB_DATASET/PCB_USED/11.JPG,data/raw/PCB_DATASET/Annotations/Missing_hole/11_missing_hole_04.xml,missing_hole,11_missing_hole_04,test
11_missing_hole_05,data/raw/PCB_DATASET/images/Missing_hole/11_missing_hole_05.jpg,data/raw/PCB_DATASET/PCB_USED/11.JPG,data/raw/PCB_DATASET/Annotations/Missing_hole/11_missing_hole_05.xml,missing_hole,11_missing_hole_05,test
11_missing_hole_06,data/raw/PCB_DATASET/images/Missing_hole/11_missing_hole_06.jpg,data/raw/PCB_DATASET/PCB_USED/11.JPG,data/raw/PCB_DATASET/Annotations/Missing_hole/11_missing_hole_06.xml,missing_hole,11_missing_hole_06,test
11_missing_hole_07,data/raw/PCB_DATASET/images/Missing_hole/11_missing_hole_07.jpg,data/raw/PCB_DATASET/PCB_USED/11.JPG,data/raw/PCB_DATASET/Annotations/Missing_hole/11_missing_hole_07.xml,missing_hole,11_missing_hole_07,test
11_missing_hole_08,data/raw/PCB_DATASET/images/Missing_hole/11_missing_hole_08.jpg,data/raw/PCB_DATASET/PCB_USED/11.JPG,data/raw/PCB_DATASET/Annotations/Missing_hole/11_missing_hole_08.xml,missing_hole,11_missing_hole_08,test
11_missing_hole_09,data/raw/PCB_DATASET/images/Missing_hole/11_missing_hole_09.jpg,data/raw/PCB_DATASET/PCB_USED/11.JPG,data/raw/PCB_DATASET/Annotations/Missing_hole/11_missing_hole_09.xml,missing_hole,11_missing_hole_09,validation
11_missing_hole_10,data/raw/PCB_DATASET/images/Missing_hole/11_missing_hole_10.jpg,data/raw/PCB_DATASET/PCB_USED/11.JPG,data/raw/PCB_DATASET/Annotations/Missing_hole/11_missing_hole_10.xml,missing_hole,11_missing_hole_10,test
11_mouse_bite_01,data/raw/PCB_DATASET/images/Mouse_bite/11_mouse_bite_01.jpg,data/raw/PCB_DATASET/PCB_USED/11.JPG,data/raw/PCB_DATASET/Annotations/Mouse_bite/11_mouse_bite_01.xml,mouse_bite,11_mouse_bite_01,development
11_mouse_bite_02,data/raw/PCB_DATASET/images/Mouse_bite/11_mouse_bite_02.jpg,data/raw/PCB_DATASET/PCB_USED/11.JPG,data/raw/PCB_DATASET/Annotations/Mouse_bite/11_mouse_bite_02.xml,mouse_bite,11_mouse_bite_02,test
11_mouse_bite_03,data/raw/PCB_DATASET/images/Mouse_bite/11_mouse_bite_03.jpg,data/raw/PCB_DATASET/PCB_USED/11.JPG,data/raw/PCB_DATASET/Annotations/Mouse_bite/11_mouse_bite_03.xml,mouse_bite,11_mouse_bite_03,test
11_mouse_bite_04,data/raw/PCB_DATASET/images/Mouse_bite/11_mouse_bite_04.jpg,data/raw/PCB_DATASET/PCB_USED/11.JPG,data/raw/PCB_DATASET/Annotations/Mouse_bite/11_mouse_bite_04.xml,mouse_bite,11_mouse_bite_04,test
11_mouse_bite_05,data/raw/PCB_DATASET/images/Mouse_bite/11_mouse_bite_05.jpg,data/raw/PCB_DATASET/PCB_USED/11.JPG,data/raw/PCB_DATASET/Annotations/Mouse_bite/11_mouse_bite_05.xml,mouse_bite,11_mouse_bite_05,development
11_mouse_bite_06,data/raw/PCB_DATASET/images/Mouse_bite/11_mouse_bite_06.jpg,data/raw/PCB_DATASET/PCB_USED/11.JPG,data/raw/PCB_DATASET/Annotations/Mouse_bite/11_mouse_bite_06.xml,mouse_bite,11_mouse_bite_06,development
11_mouse_bite_07,data/raw/PCB_DATASET/images/Mouse_bite/11_mouse_bite_07.jpg,data/raw/PCB_DATASET/PCB_USED/11.JPG,data/raw/PCB_DATASET/Annotations/Mouse_bite/11_mouse_bite_07.xml,mouse_bite,11_mouse_bite_07,test
11_mouse_bite_08,data/raw/PCB_DATASET/images/Mouse_bite/11_mouse_bite_08.jpg,data/raw/PCB_DATASET/PCB_USED/11.JPG,data/raw/PCB_DATASET/Annotations/Mouse_bite/11_mouse_bite_08.xml,mouse_bite,11_mouse_bite_08,test
11_mouse_bite_09,data/raw/PCB_DATASET/images/Mouse_bite/11_mouse_bite_09.jpg,data/raw/PCB_DATASET/PCB_USED/11.JPG,data/raw/PCB_DATASET/Annotations/Mouse_bite/11_mouse_bite_09.xml,mouse_bite,11_mouse_bite_09,test
11_mouse_bite_10,data/raw/PCB_DATASET/images/Mouse_bite/11_mouse_bite_10.jpg,data/raw/PCB_DATASET/PCB_USED/11.JPG,data/raw/PCB_DATASET/Annotations/Mouse_bite/11_mouse_bite_10.xml,mouse_bite,11_mouse_bite_10,test
11_open_circuit_01,data/raw/PCB_DATASET/images/Open_circuit/11_open_circuit_01.jpg,data/raw/PCB_DATASET/PCB_USED/11.JPG,data/raw/PCB_DATASET/Annotations/Open_circuit/11_open_circuit_01.xml,open_circuit,11_open_circuit_01,development
11_open_circuit_02,data/raw/PCB_DATASET/images/Open_circuit/11_open_circuit_02.jpg,data/raw/PCB_DATASET/PCB_USED/11.JPG,data/raw/PCB_DATASET/Annotations/Open_circuit/11_open_circuit_02.xml,open_circuit,11_open_circuit_02,test
11_open_circuit_03,data/raw/PCB_DATASET/images/Open_circuit/11_open_circuit_03.jpg,data/raw/PCB_DATASET/PCB_USED/11.JPG,data/raw/PCB_DATASET/Annotations/Open_circuit/11_open_circuit_03.xml,open_circuit,11_open_circuit_03,test
11_open_circuit_04,data/raw/PCB_DATASET/images/Open_circuit/11_open_circuit_04.jpg,data/raw/PCB_DATASET/PCB_USED/11.JPG,data/raw/PCB_DATASET/Annotations/Open_circuit/11_open_circuit_04.xml,open_circuit,11_open_circuit_04,test
11_open_circuit_05,data/raw/PCB_DATASET/images/Open_circuit/11_open_circuit_05.jpg,data/raw/PCB_DATASET/PCB_USED/11.JPG,data/raw/PCB_DATASET/Annotations/Open_circuit/11_open_circuit_05.xml,open_circuit,11_open_circuit_05,test
11_open_circuit_06,data/raw/PCB_DATASET/images/Open_circuit/11_open_circuit_06.jpg,data/raw/PCB_DATASET/PCB_USED/11.JPG,data/raw/PCB_DATASET/Annotations/Open_circuit/11_open_circuit_06.xml,open_circuit,11_open_circuit_06,development
11_open_circuit_07,data/raw/PCB_DATASET/images/Open_circuit/11_open_circuit_07.jpg,data/raw/PCB_DATASET/PCB_USED/11.JPG,data/raw/PCB_DATASET/Annotations/Open_circuit/11_open_circuit_07.xml,open_circuit,11_open_circuit_07,development
11_open_circuit_08,data/raw/PCB_DATASET/images/Open_circuit/11_open_circuit_08.jpg,data/raw/PCB_DATASET/PCB_USED/11.JPG,data/raw/PCB_DATASET/Annotations/Open_circuit/11_open_circuit_08.xml,open_circuit,11_open_circuit_08,test
11_open_circuit_09,data/raw/PCB_DATASET/images/Open_circuit/11_open_circuit_09.jpg,data/raw/PCB_DATASET/PCB_USED/11.JPG,data/raw/PCB_DATASET/Annotations/Open_circuit/11_open_circuit_09.xml,open_circuit,11_open_circuit_09,validation
11_open_circuit_10,data/raw/PCB_DATASET/images/Open_circuit/11_open_circuit_10.jpg,data/raw/PCB_DATASET/PCB_USED/11.JPG,data/raw/PCB_DATASET/Annotations/Open_circuit/11_open_circuit_10.xml,open_circuit,11_open_circuit_10,test
11_short_01,data/raw/PCB_DATASET/images/Short/11_short_01.jpg,data/raw/PCB_DATASET/PCB_USED/11.JPG,data/raw/PCB_DATASET/Annotations/Short/11_short_01.xml,short_circuit,11_short_01,validation
11_short_02,data/raw/PCB_DATASET/images/Short/11_short_02.jpg,data/raw/PCB_DATASET/PCB_USED/11.JPG,data/raw/PCB_DATASET/Annotations/Short/11_short_02.xml,short_circuit,11_short_02,test
11_short_03,data/raw/PCB_DATASET/images/Short/11_short_03.jpg,data/raw/PCB_DATASET/PCB_USED/11.JPG,data/raw/PCB_DATASET/Annotations/Short/11_short_03.xml,short_circuit,11_short_03,test
11_short_04,data/raw/PCB_DATASET/images/Short/11_short_04.jpg,data/raw/PCB_DATASET/PCB_USED/11.JPG,data/raw/PCB_DATASET/Annotations/Short/11_short_04.xml,short_circuit,11_short_04,development
11_short_05,data/raw/PCB_DATASET/images/Short/11_short_05.jpg,data/raw/PCB_DATASET/PCB_USED/11.JPG,data/raw/PCB_DATASET/Annotations/Short/11_short_05.xml,short_circuit,11_short_05,development
11_short_06,data/raw/PCB_DATASET/images/Short/11_short_06.jpg,data/raw/PCB_DATASET/PCB_USED/11.JPG,data/raw/PCB_DATASET/Annotations/Short/11_short_06.xml,short_circuit,11_short_06,test
11_short_07,data/raw/PCB_DATASET/images/Short/11_short_07.jpg,data/raw/PCB_DATASET/PCB_USED/11.JPG,data/raw/PCB_DATASET/Annotations/Short/11_short_07.xml,short_circuit,11_short_07,test
11_short_08,data/raw/PCB_DATASET/images/Short/11_short_08.jpg,data/raw/PCB_DATASET/PCB_USED/11.JPG,data/raw/PCB_DATASET/Annotations/Short/11_short_08.xml,short_circuit,11_short_08,validation
11_short_09,data/raw/PCB_DATASET/images/Short/11_short_09.jpg,data/raw/PCB_DATASET/PCB_USED/11.JPG,data/raw/PCB_DATASET/Annotations/Short/11_short_09.xml,short_circuit,11_short_09,development
11_short_10,data/raw/PCB_DATASET/images/Short/11_short_10.jpg,data/raw/PCB_DATASET/PCB_USED/11.JPG,data/raw/PCB_DATASET/Annotations/Short/11_short_10.xml,short_circuit,11_short_10,test
11_spur_01,data/raw/PCB_DATASET/images/Spur/11_spur_01.jpg,data/raw/PCB_DATASET/PCB_USED/11.JPG,data/raw/PCB_DATASET/Annotations/Spur/11_spur_01.xml,spur,11_spur_01,development
11_spur_02,data/raw/PCB_DATASET/images/Spur/11_spur_02.jpg,data/raw/PCB_DATASET/PCB_USED/11.JPG,data/raw/PCB_DATASET/Annotations/Spur/11_spur_02.xml,spur,11_spur_02,validation
11_spur_03,data/raw/PCB_DATASET/images/Spur/11_spur_03.jpg,data/raw/PCB_DATASET/PCB_USED/11.JPG,data/raw/PCB_DATASET/Annotations/Spur/11_spur_03.xml,spur,11_spur_03,test
11_spur_04,data/raw/PCB_DATASET/images/Spur/11_spur_04.jpg,data/raw/PCB_DATASET/PCB_USED/11.JPG,data/raw/PCB_DATASET/Annotations/Spur/11_spur_04.xml,spur,11_spur_04,development
11_spur_05,data/raw/PCB_DATASET/images/Spur/11_spur_05.jpg,data/raw/PCB_DATASET/PCB_USED/11.JPG,data/raw/PCB_DATASET/Annotations/Spur/11_spur_05.xml,spur,11_spur_05,test
11_spur_06,data/raw/PCB_DATASET/images/Spur/11_spur_06.jpg,data/raw/PCB_DATASET/PCB_USED/11.JPG,data/raw/PCB_DATASET/Annotations/Spur/11_spur_06.xml,spur,11_spur_06,test
11_spur_07,data/raw/PCB_DATASET/images/Spur/11_spur_07.jpg,data/raw/PCB_DATASET/PCB_USED/11.JPG,data/raw/PCB_DATASET/Annotations/Spur/11_spur_07.xml,spur,11_spur_07,test
11_spur_08,data/raw/PCB_DATASET/images/Spur/11_spur_08.jpg,data/raw/PCB_DATASET/PCB_USED/11.JPG,data/raw/PCB_DATASET/Annotations/Spur/11_spur_08.xml,spur,11_spur_08,test
11_spur_09,data/raw/PCB_DATASET/images/Spur/11_spur_09.jpg,data/raw/PCB_DATASET/PCB_USED/11.JPG,data/raw/PCB_DATASET/Annotations/Spur/11_spur_09.xml,spur,11_spur_09,development
11_spur_10,data/raw/PCB_DATASET/images/Spur/11_spur_10.jpg,data/raw/PCB_DATASET/PCB_USED/11.JPG,data/raw/PCB_DATASET/Annotations/Spur/11_spur_10.xml,spur,11_spur_10,validation
11_spurious_copper_01,data/raw/PCB_DATASET/images/Spurious_copper/11_spurious_copper_01.jpg,data/raw/PCB_DATASET/PCB_USED/11.JPG,data/raw/PCB_DATASET/Annotations/Spurious_copper/11_spurious_copper_01.xml,spurious_copper,11_spurious_copper_01,validation
11_spurious_copper_02,data/raw/PCB_DATASET/images/Spurious_copper/11_spurious_copper_02.jpg,data/raw/PCB_DATASET/PCB_USED/11.JPG,data/raw/PCB_DATASET/Annotations/Spurious_copper/11_spurious_copper_02.xml,spurious_copper,11_spurious_copper_02,development
11_spurious_copper_03,data/raw/PCB_DATASET/images/Spurious_copper/11_spurious_copper_03.jpg,data/raw/PCB_DATASET/PCB_USED/11.JPG,data/raw/PCB_DATASET/Annotations/Spurious_copper/11_spurious_copper_03.xml,spurious_copper,11_spurious_copper_03,test
11_spurious_copper_04,data/raw/PCB_DATASET/images/Spurious_copper/11_spurious_copper_04.jpg,data/raw/PCB_DATASET/PCB_USED/11.JPG,data/raw/PCB_DATASET/Annotations/Spurious_copper/11_spurious_copper_04.xml,spurious_copper,11_spurious_copper_04,development
11_spurious_copper_05,data/raw/PCB_DATASET/images/Spurious_copper/11_spurious_copper_05.jpg,data/raw/PCB_DATASET/PCB_USED/11.JPG,data/raw/PCB_DATASET/Annotations/Spurious_copper/11_spurious_copper_05.xml,spurious_copper,11_spurious_copper_05,test
11_spurious_copper_06,data/raw/PCB_DATASET/images/Spurious_copper/11_spurious_copper_06.jpg,data/raw/PCB_DATASET/PCB_USED/11.JPG,data/raw/PCB_DATASET/Annotations/Spurious_copper/11_spurious_copper_06.xml,spurious_copper,11_spurious_copper_06,test
11_spurious_copper_07,data/raw/PCB_DATASET/images/Spurious_copper/11_spurious_copper_07.jpg,data/raw/PCB_DATASET/PCB_USED/11.JPG,data/raw/PCB_DATASET/Annotations/Spurious_copper/11_spurious_copper_07.xml,spurious_copper,11_spurious_copper_07,validation
11_spurious_copper_08,data/raw/PCB_DATASET/images/Spurious_copper/11_spurious_copper_08.jpg,data/raw/PCB_DATASET/PCB_USED/11.JPG,data/raw/PCB_DATASET/Annotations/Spurious_copper/11_spurious_copper_08.xml,spurious_copper,11_spurious_copper_08,development
11_spurious_copper_09,data/raw/PCB_DATASET/images/Spurious_copper/11_spurious_copper_09.jpg,data/raw/PCB_DATASET/PCB_USED/11.JPG,data/raw/PCB_DATASET/Annotations/Spurious_copper/11_spurious_copper_09.xml,spurious_copper,11_spurious_copper_09,validation
11_spurious_copper_10,data/raw/PCB_DATASET/images/Spurious_copper/11_spurious_copper_10.jpg,data/raw/PCB_DATASET/PCB_USED/11.JPG,data/raw/PCB_DATASET/Annotations/Spurious_copper/11_spurious_copper_10.xml,spurious_copper,11_spurious_copper_10,validation
12_missing_hole_01,data/raw/PCB_DATASET/images/Missing_hole/12_missing_hole_01.jpg,data/raw/PCB_DATASET/PCB_USED/12.JPG,data/raw/PCB_DATASET/Annotations/Missing_hole/12_missing_hole_01.xml,missing_hole,12_missing_hole_01,test
12_missing_hole_02,data/raw/PCB_DATASET/images/Missing_hole/12_missing_hole_02.jpg,data/raw/PCB_DATASET/PCB_USED/12.JPG,data/raw/PCB_DATASET/Annotations/Missing_hole/12_missing_hole_02.xml,missing_hole,12_missing_hole_02,test
12_missing_hole_03,data/raw/PCB_DATASET/images/Missing_hole/12_missing_hole_03.jpg,data/raw/PCB_DATASET/PCB_USED/12.JPG,data/raw/PCB_DATASET/Annotations/Missing_hole/12_missing_hole_03.xml,missing_hole,12_missing_hole_03,validation
12_missing_hole_04,data/raw/PCB_DATASET/images/Missing_hole/12_missing_hole_04.jpg,data/raw/PCB_DATASET/PCB_USED/12.JPG,data/raw/PCB_DATASET/Annotations/Missing_hole/12_missing_hole_04.xml,missing_hole,12_missing_hole_04,test
12_missing_hole_05,data/raw/PCB_DATASET/images/Missing_hole/12_missing_hole_05.jpg,data/raw/PCB_DATASET/PCB_USED/12.JPG,data/raw/PCB_DATASET/Annotations/Missing_hole/12_missing_hole_05.xml,missing_hole,12_missing_hole_05,development
12_missing_hole_06,data/raw/PCB_DATASET/images/Missing_hole/12_missing_hole_06.jpg,data/raw/PCB_DATASET/PCB_USED/12.JPG,data/raw/PCB_DATASET/Annotations/Missing_hole/12_missing_hole_06.xml,missing_hole,12_missing_hole_06,test
12_missing_hole_07,data/raw/PCB_DATASET/images/Missing_hole/12_missing_hole_07.jpg,data/raw/PCB_DATASET/PCB_USED/12.JPG,data/raw/PCB_DATASET/Annotations/Missing_hole/12_missing_hole_07.xml,missing_hole,12_missing_hole_07,test
12_missing_hole_08,data/raw/PCB_DATASET/images/Missing_hole/12_missing_hole_08.jpg,data/raw/PCB_DATASET/PCB_USED/12.JPG,data/raw/PCB_DATASET/Annotations/Missing_hole/12_missing_hole_08.xml,missing_hole,12_missing_hole_08,test
12_missing_hole_09,data/raw/PCB_DATASET/images/Missing_hole/12_missing_hole_09.jpg,data/raw/PCB_DATASET/PCB_USED/12.JPG,data/raw/PCB_DATASET/Annotations/Missing_hole/12_missing_hole_09.xml,missing_hole,12_missing_hole_09,test
12_missing_hole_10,data/raw/PCB_DATASET/images/Missing_hole/12_missing_hole_10.jpg,data/raw/PCB_DATASET/PCB_USED/12.JPG,data/raw/PCB_DATASET/Annotations/Missing_hole/12_missing_hole_10.xml,missing_hole,12_missing_hole_10,development
12_mouse_bite_01,data/raw/PCB_DATASET/images/Mouse_bite/12_mouse_bite_01.jpg,data/raw/PCB_DATASET/PCB_USED/12.JPG,data/raw/PCB_DATASET/Annotations/Mouse_bite/12_mouse_bite_01.xml,mouse_bite,12_mouse_bite_01,test
12_mouse_bite_02,data/raw/PCB_DATASET/images/Mouse_bite/12_mouse_bite_02.jpg,data/raw/PCB_DATASET/PCB_USED/12.JPG,data/raw/PCB_DATASET/Annotations/Mouse_bite/12_mouse_bite_02.xml,mouse_bite,12_mouse_bite_02,test
12_mouse_bite_03,data/raw/PCB_DATASET/images/Mouse_bite/12_mouse_bite_03.jpg,data/raw/PCB_DATASET/PCB_USED/12.JPG,data/raw/PCB_DATASET/Annotations/Mouse_bite/12_mouse_bite_03.xml,mouse_bite,12_mouse_bite_03,validation
12_mouse_bite_04,data/raw/PCB_DATASET/images/Mouse_bite/12_mouse_bite_04.jpg,data/raw/PCB_DATASET/PCB_USED/12.JPG,data/raw/PCB_DATASET/Annotations/Mouse_bite/12_mouse_bite_04.xml,mouse_bite,12_mouse_bite_04,test
12_mouse_bite_05,data/raw/PCB_DATASET/images/Mouse_bite/12_mouse_bite_05.jpg,data/raw/PCB_DATASET/PCB_USED/12.JPG,data/raw/PCB_DATASET/Annotations/Mouse_bite/12_mouse_bite_05.xml,mouse_bite,12_mouse_bite_05,test
12_mouse_bite_06,data/raw/PCB_DATASET/images/Mouse_bite/12_mouse_bite_06.jpg,data/raw/PCB_DATASET/PCB_USED/12.JPG,data/raw/PCB_DATASET/Annotations/Mouse_bite/12_mouse_bite_06.xml,mouse_bite,12_mouse_bite_06,development
12_mouse_bite_07,data/raw/PCB_DATASET/images/Mouse_bite/12_mouse_bite_07.jpg,data/raw/PCB_DATASET/PCB_USED/12.JPG,data/raw/PCB_DATASET/Annotations/Mouse_bite/12_mouse_bite_07.xml,mouse_bite,12_mouse_bite_07,test
12_mouse_bite_08,data/raw/PCB_DATASET/images/Mouse_bite/12_mouse_bite_08.jpg,data/raw/PCB_DATASET/PCB_USED/12.JPG,data/raw/PCB_DATASET/Annotations/Mouse_bite/12_mouse_bite_08.xml,mouse_bite,12_mouse_bite_08,test
12_mouse_bite_09,data/raw/PCB_DATASET/images/Mouse_bite/12_mouse_bite_09.jpg,data/raw/PCB_DATASET/PCB_USED/12.JPG,data/raw/PCB_DATASET/Annotations/Mouse_bite/12_mouse_bite_09.xml,mouse_bite,12_mouse_bite_09,development
12_mouse_bite_10,data/raw/PCB_DATASET/images/Mouse_bite/12_mouse_bite_10.jpg,data/raw/PCB_DATASET/PCB_USED/12.JPG,data/raw/PCB_DATASET/Annotations/Mouse_bite/12_mouse_bite_10.xml,mouse_bite,12_mouse_bite_10,validation
12_open_circuit_01,data/raw/PCB_DATASET/images/Open_circuit/12_open_circuit_01.jpg,data/raw/PCB_DATASET/PCB_USED/12.JPG,data/raw/PCB_DATASET/Annotations/Open_circuit/12_open_circuit_01.xml,open_circuit,12_open_circuit_01,test
12_open_circuit_02,data/raw/PCB_DATASET/images/Open_circuit/12_open_circuit_02.jpg,data/raw/PCB_DATASET/PCB_USED/12.JPG,data/raw/PCB_DATASET/Annotations/Open_circuit/12_open_circuit_02.xml,open_circuit,12_open_circuit_02,test
12_open_circuit_03,data/raw/PCB_DATASET/images/Open_circuit/12_open_circuit_03.jpg,data/raw/PCB_DATASET/PCB_USED/12.JPG,data/raw/PCB_DATASET/Annotations/Open_circuit/12_open_circuit_03.xml,open_circuit,12_open_circuit_03,test
12_open_circuit_04,data/raw/PCB_DATASET/images/Open_circuit/12_open_circuit_04.jpg,data/raw/PCB_DATASET/PCB_USED/12.JPG,data/raw/PCB_DATASET/Annotations/Open_circuit/12_open_circuit_04.xml,open_circuit,12_open_circuit_04,validation
12_open_circuit_05,data/raw/PCB_DATASET/images/Open_circuit/12_open_circuit_05.jpg,data/raw/PCB_DATASET/PCB_USED/12.JPG,data/raw/PCB_DATASET/Annotations/Open_circuit/12_open_circuit_05.xml,open_circuit,12_open_circuit_05,test
12_open_circuit_06,data/raw/PCB_DATASET/images/Open_circuit/12_open_circuit_06.jpg,data/raw/PCB_DATASET/PCB_USED/12.JPG,data/raw/PCB_DATASET/Annotations/Open_circuit/12_open_circuit_06.xml,open_circuit,12_open_circuit_06,test
12_open_circuit_07,data/raw/PCB_DATASET/images/Open_circuit/12_open_circuit_07.jpg,data/raw/PCB_DATASET/PCB_USED/12.JPG,data/raw/PCB_DATASET/Annotations/Open_circuit/12_open_circuit_07.xml,open_circuit,12_open_circuit_07,test
12_open_circuit_08,data/raw/PCB_DATASET/images/Open_circuit/12_open_circuit_08.jpg,data/raw/PCB_DATASET/PCB_USED/12.JPG,data/raw/PCB_DATASET/Annotations/Open_circuit/12_open_circuit_08.xml,open_circuit,12_open_circuit_08,development
12_open_circuit_09,data/raw/PCB_DATASET/images/Open_circuit/12_open_circuit_09.jpg,data/raw/PCB_DATASET/PCB_USED/12.JPG,data/raw/PCB_DATASET/Annotations/Open_circuit/12_open_circuit_09.xml,open_circuit,12_open_circuit_09,test
12_open_circuit_10,data/raw/PCB_DATASET/images/Open_circuit/12_open_circuit_10.jpg,data/raw/PCB_DATASET/PCB_USED/12.JPG,data/raw/PCB_DATASET/Annotations/Open_circuit/12_open_circuit_10.xml,open_circuit,12_open_circuit_10,test
12_short_01,data/raw/PCB_DATASET/images/Short/12_short_01.jpg,data/raw/PCB_DATASET/PCB_USED/12.JPG,data/raw/PCB_DATASET/Annotations/Short/12_short_01.xml,short_circuit,12_short_01,validation
12_short_02,data/raw/PCB_DATASET/images/Short/12_short_02.jpg,data/raw/PCB_DATASET/PCB_USED/12.JPG,data/raw/PCB_DATASET/Annotations/Short/12_short_02.xml,short_circuit,12_short_02,test
12_short_03,data/raw/PCB_DATASET/images/Short/12_short_03.jpg,data/raw/PCB_DATASET/PCB_USED/12.JPG,data/raw/PCB_DATASET/Annotations/Short/12_short_03.xml,short_circuit,12_short_03,test
12_short_04,data/raw/PCB_DATASET/images/Short/12_short_04.jpg,data/raw/PCB_DATASET/PCB_USED/12.JPG,data/raw/PCB_DATASET/Annotations/Short/12_short_04.xml,short_circuit,12_short_04,development
12_short_05,data/raw/PCB_DATASET/images/Short/12_short_05.jpg,data/raw/PCB_DATASET/PCB_USED/12.JPG,data/raw/PCB_DATASET/Annotations/Short/12_short_05.xml,short_circuit,12_short_05,validation
12_short_06,data/raw/PCB_DATASET/images/Short/12_short_06.jpg,data/raw/PCB_DATASET/PCB_USED/12.JPG,data/raw/PCB_DATASET/Annotations/Short/12_short_06.xml,short_circuit,12_short_06,validation
12_short_07,data/raw/PCB_DATASET/images/Short/12_short_07.jpg,data/raw/PCB_DATASET/PCB_USED/12.JPG,data/raw/PCB_DATASET/Annotations/Short/12_short_07.xml,short_circuit,12_short_07,test
12_short_08,data/raw/PCB_DATASET/images/Short/12_short_08.jpg,data/raw/PCB_DATASET/PCB_USED/12.JPG,data/raw/PCB_DATASET/Annotations/Short/12_short_08.xml,short_circuit,12_short_08,validation
12_short_09,data/raw/PCB_DATASET/images/Short/12_short_09.jpg,data/raw/PCB_DATASET/PCB_USED/12.JPG,data/raw/PCB_DATASET/Annotations/Short/12_short_09.xml,short_circuit,12_short_09,development
12_short_10,data/raw/PCB_DATASET/images/Short/12_short_10.jpg,data/raw/PCB_DATASET/PCB_USED/12.JPG,data/raw/PCB_DATASET/Annotations/Short/12_short_10.xml,short_circuit,12_short_10,test
12_spur_01,data/raw/PCB_DATASET/images/Spur/12_spur_01.jpg,data/raw/PCB_DATASET/PCB_USED/12.JPG,data/raw/PCB_DATASET/Annotations/Spur/12_spur_01.xml,spur,12_spur_01,test
12_spur_02,data/raw/PCB_DATASET/images/Spur/12_spur_02.jpg,data/raw/PCB_DATASET/PCB_USED/12.JPG,data/raw/PCB_DATASET/Annotations/Spur/12_spur_02.xml,spur,12_spur_02,development
12_spur_03,data/raw/PCB_DATASET/images/Spur/12_spur_03.jpg,data/raw/PCB_DATASET/PCB_USED/12.JPG,data/raw/PCB_DATASET/Annotations/Spur/12_spur_03.xml,spur,12_spur_03,test
12_spur_04,data/raw/PCB_DATASET/images/Spur/12_spur_04.jpg,data/raw/PCB_DATASET/PCB_USED/12.JPG,data/raw/PCB_DATASET/Annotations/Spur/12_spur_04.xml,spur,12_spur_04,development
12_spur_05,data/raw/PCB_DATASET/images/Spur/12_spur_05.jpg,data/raw/PCB_DATASET/PCB_USED/12.JPG,data/raw/PCB_DATASET/Annotations/Spur/12_spur_05.xml,spur,12_spur_05,test
12_spur_06,data/raw/PCB_DATASET/images/Spur/12_spur_06.jpg,data/raw/PCB_DATASET/PCB_USED/12.JPG,data/raw/PCB_DATASET/Annotations/Spur/12_spur_06.xml,spur,12_spur_06,test
12_spur_07,data/raw/PCB_DATASET/images/Spur/12_spur_07.jpg,data/raw/PCB_DATASET/PCB_USED/12.JPG,data/raw/PCB_DATASET/Annotations/Spur/12_spur_07.xml,spur,12_spur_07,validation
12_spur_08,data/raw/PCB_DATASET/images/Spur/12_spur_08.jpg,data/raw/PCB_DATASET/PCB_USED/12.JPG,data/raw/PCB_DATASET/Annotations/Spur/12_spur_08.xml,spur,12_spur_08,test
12_spur_09,data/raw/PCB_DATASET/images/Spur/12_spur_09.jpg,data/raw/PCB_DATASET/PCB_USED/12.JPG,data/raw/PCB_DATASET/Annotations/Spur/12_spur_09.xml,spur,12_spur_09,test
12_spur_10,data/raw/PCB_DATASET/images/Spur/12_spur_10.jpg,data/raw/PCB_DATASET/PCB_USED/12.JPG,data/raw/PCB_DATASET/Annotations/Spur/12_spur_10.xml,spur,12_spur_10,test
12_spurious_copper_01,data/raw/PCB_DATASET/images/Spurious_copper/12_spurious_copper_01.jpg,data/raw/PCB_DATASET/PCB_USED/12.JPG,data/raw/PCB_DATASET/Annotations/Spurious_copper/12_spurious_copper_01.xml,spurious_copper,12_spurious_copper_01,test
12_spurious_copper_02,data/raw/PCB_DATASET/images/Spurious_copper/12_spurious_copper_02.jpg,data/raw/PCB_DATASET/PCB_USED/12.JPG,data/raw/PCB_DATASET/Annotations/Spurious_copper/12_spurious_copper_02.xml,spurious_copper,12_spurious_copper_02,test
12_spurious_copper_03,data/raw/PCB_DATASET/images/Spurious_copper/12_spurious_copper_03.jpg,data/raw/PCB_DATASET/PCB_USED/12.JPG,data/raw/PCB_DATASET/Annotations/Spurious_copper/12_spurious_copper_03.xml,spurious_copper,12_spurious_copper_03,test
12_spurious_copper_04,data/raw/PCB_DATASET/images/Spurious_copper/12_spurious_copper_04.jpg,data/raw/PCB_DATASET/PCB_USED/12.JPG,data/raw/PCB_DATASET/Annotations/Spurious_copper/12_spurious_copper_04.xml,spurious_copper,12_spurious_copper_04,test
12_spurious_copper_05,data/raw/PCB_DATASET/images/Spurious_copper/12_spurious_copper_05.jpg,data/raw/PCB_DATASET/PCB_USED/12.JPG,data/raw/PCB_DATASET/Annotations/Spurious_copper/12_spurious_copper_05.xml,spurious_copper,12_spurious_copper_05,test
12_spurious_copper_06,data/raw/PCB_DATASET/images/Spurious_copper/12_spurious_copper_06.jpg,data/raw/PCB_DATASET/PCB_USED/12.JPG,data/raw/PCB_DATASET/Annotations/Spurious_copper/12_spurious_copper_06.xml,spurious_copper,12_spurious_copper_06,development
12_spurious_copper_07,data/raw/PCB_DATASET/images/Spurious_copper/12_spurious_copper_07.jpg,data/raw/PCB_DATASET/PCB_USED/12.JPG,data/raw/PCB_DATASET/Annotations/Spurious_copper/12_spurious_copper_07.xml,spurious_copper,12_spurious_copper_07,validation
12_spurious_copper_08,data/raw/PCB_DATASET/images/Spurious_copper/12_spurious_copper_08.jpg,data/raw/PCB_DATASET/PCB_USED/12.JPG,data/raw/PCB_DATASET/Annotations/Spurious_copper/12_spurious_copper_08.xml,spurious_copper,12_spurious_copper_08,test
12_spurious_copper_09,data/raw/PCB_DATASET/images/Spurious_copper/12_spurious_copper_09.jpg,data/raw/PCB_DATASET/PCB_USED/12.JPG,data/raw/PCB_DATASET/Annotations/Spurious_copper/12_spurious_copper_09.xml,spurious_copper,12_spurious_copper_09,validation
12_spurious_copper_10,data/raw/PCB_DATASET/images/Spurious_copper/12_spurious_copper_10.jpg,data/raw/PCB_DATASET/PCB_USED/12.JPG,data/raw/PCB_DATASET/Annotations/Spurious_copper/12_spurious_copper_10.xml,spurious_copper,12_spurious_copper_10,test
